Workbook

Sheet Pegar
A1: PEGAR AQUÍ (columna A, desde A3): todas las tiras juntas | B1: Nº tira | D1: Pegá todo de una vez en A3. Cada línea cae en una fila y la hoja 'Extractor MT' arma sola una fila por tira.
A2: (fila de apoyo, no borrar) | D2: Antes de pegar nuevas tiras, borrá las anteriores (seleccioná A3:A1002 y Supr).
A3: -1809 1809 4.52 D2323 001 10002 MT262610076000010000247 | B3: =IF(AND(TRIM(A3)<>"",ISNUMBER(FIND(" MT"," "&A3)),LEFT(A3,5)<>"DESC="),MAX(B$2:B2)+1,"") -> 1
A4: DESC=FACEBK *A3UD482JP4 MENLO PARK CA AUTH=R45349 | B4: =IF(AND(TRIM(A4)<>"",ISNUMBER(FIND(" MT"," "&A4)),LEFT(A4,5)<>"DESC="),MAX(B$2:B3)+1,"")
A5: -1809 1809 0.00 D2323 001 10002 MT262610076000010000248 | B5: =IF(AND(TRIM(A5)<>"",ISNUMBER(FIND(" MT"," "&A5)),LEFT(A5,5)<>"DESC="),MAX(B$2:B4)+1,"") -> 2
A6: DESC=TEST | B6: =IF(AND(TRIM(A6)<>"",ISNUMBER(FIND(" MT"," "&A6)),LEFT(A6,5)<>"DESC="),MAX(B$2:B5)+1,"")
A7: -1809 1809 D2323 001 10002 MT262610076000010000249 | B7: =IF(AND(TRIM(A7)<>"",ISNUMBER(FIND(" MT"," "&A7)),LEFT(A7,5)<>"DESC="),MAX(B$2:B6)+1,"") -> 3
A8: DESC=SIN IMPORTE | B8: =IF(AND(TRIM(A8)<>"",ISNUMBER(FIND(" MT"," "&A8)),LEFT(A8,5)<>"DESC="),MAX(B$2:B7)+1,"")
B9: =IF(AND(TRIM(A9)<>"",ISNUMBER(FIND(" MT"," "&A9)),LEFT(A9,5)<>"DESC="),MAX(B$2:B8)+1,"")
B10: =IF(AND(TRIM(A10)<>"",ISNUMBER(FIND(" MT"," "&A10)),LEFT(A10,5)<>"DESC="),MAX(B$2:B9)+1,"")
B11: =IF(AND(TRIM(A11)<>"",ISNUMBER(FIND(" MT"," "&A11)),LEFT(A11,5)<>"DESC="),MAX(B$2:B10)+1,"")
B12: =IF(AND(TRIM(A12)<>"",ISNUMBER(FIND(" MT"," "&A12)),LEFT(A12,5)<>"DESC="),MAX(B$2:B11)+1,"")
B13: =IF(AND(TRIM(A13)<>"",ISNUMBER(FIND(" MT"," "&A13)),LEFT(A13,5)<>"DESC="),MAX(B$2:B12)+1,"")
B14: =IF(AND(TRIM(A14)<>"",ISNUMBER(FIND(" MT"," "&A14)),LEFT(A14,5)<>"DESC="),MAX(B$2:B13)+1,"")
B15: =IF(AND(TRIM(A15)<>"",ISNUMBER(FIND(" MT"," "&A15)),LEFT(A15,5)<>"DESC="),MAX(B$2:B14)+1,"")
B16: =IF(AND(TRIM(A16)<>"",ISNUMBER(FIND(" MT"," "&A16)),LEFT(A16,5)<>"DESC="),MAX(B$2:B15)+1,"")
B17: =IF(AND(TRIM(A17)<>"",ISNUMBER(FIND(" MT"," "&A17)),LEFT(A17,5)<>"DESC="),MAX(B$2:B16)+1,"")
B18: =IF(AND(TRIM(A18)<>"",ISNUMBER(FIND(" MT"," "&A18)),LEFT(A18,5)<>"DESC="),MAX(B$2:B17)+1,"")
B19: =IF(AND(TRIM(A19)<>"",ISNUMBER(FIND(" MT"," "&A19)),LEFT(A19,5)<>"DESC="),MAX(B$2:B18)+1,"")
B20: =IF(AND(TRIM(A20)<>"",ISNUMBER(FIND(" MT"," "&A20)),LEFT(A20,5)<>"DESC="),MAX(B$2:B19)+1,"")
... B1002: =IF(AND(TRIM(A1002)<>"",ISNUMBER(FIND(" MT"," "&A1002)),LEFT(A1002,5)<>"DESC="),MAX(B$2:B1001)+1,"")

Sheet Extractor MT
A1: Extractor de MT: pegá la tira completa y obtené solo el MT
A2: Esta hoja se llena sola: pegá las tiras en la hoja 'Pegar'. Acá no hay que escribir nada.
A4: Tira de la transacción (automática) | B4: MT | C4: ¿Tiene importe? | D4: Importe detectado | F4: Supuesto: el importe es el número con punto decimal (ej. 4.52) de la primera línea de la tira. Tiene importe = VERDADERO si existe y es distinto de 0.
A5: =IFERROR(INDEX(Pegar!$A$3:$A$1002,MATCH(1,Pegar!$B$3:$B$1002,0))&IF(LEFT(INDEX(Pegar!$A$3:$A$1003,MATCH(1,Pegar!$B$3:$B$1002,0)+1),5)="DESC=",CHAR(10)&INDEX(Pegar!$A$3:$A$1003,MATCH(1,Pegar!$B$3:$B$1002,0)+1),""),"") -> -1809 1809 4.52 D2323 001 10002 MT262610076000010000247 DESC=FACEBK *A3UD482JP4 MENLO PARK CA AUTH=R45349 | B5: =IF(TRIM(A5)="","",IFERROR(MID(SUBSTITUTE(SUBSTITUTE(A5,CHAR(10)," "),CHAR(13)," "),FIND(" MT"," "&SUBSTITUTE(SUBSTITUTE(A5,CHAR(10)," "),CHAR(13)," ")),FIND(" ",SUBSTITUTE(SUBSTITUTE(A5,CHAR(10)," "),CHAR(13)," ")&" ",FIND(" MT"," "&SUBSTITUTE(SUBSTITUTE(A5,CHAR(10)," "),CHAR(13)," ")))-FIND(" MT"," "&SUBSTITUTE(SUBSTITUTE(A5,CHAR(10)," "),CHAR(13)," "))),"MT no encontrado")) -> MT262610076000010000247 | C5: =IF(TRIM(A5)="","",IF(D5="",FALSE(),SUBSTITUTE(SUBSTITUTE(SUBSTITUTE(D5,".",""),"0",""),"-","")<>"")) -> TRUE | D5: =IF(TRIM(A5)="","",IFERROR(MID((" "&LEFT(SUBSTITUTE(A5,CHAR(13),""),FIND(CHAR(10),SUBSTITUTE(A5,CHAR(13),"")&CHAR(10))-1)),(FIND("~",SUBSTITUTE(LEFT((" "&LEFT(SUBSTITUTE(A5,CHAR(13),""),FIND(CHAR(10),SUBSTITUTE(A5,CHAR(13),"")&CHAR(10))-1)),FIND(".",(" "&LEFT(SUBSTITUTE(A5,CHAR(13),""),FIND(CHAR(10),SUBSTITUTE(A5,CHAR(13),"")&CHAR(10))-1))))," ","~",LEN(LEFT((" "&LEFT(SUBSTITUTE(A5,CHAR(13),""),FIND(CHAR(10),SUBSTITUTE(A5,CHAR(13),"")&CHAR(10))-1)),FIND(".",(" "&LEFT(SUBSTITUTE(A5,CHAR(13),""),FIND(CHAR(10),SUBSTITUTE(A5,CHAR(13),"")&CHAR(10))-1)))))-LEN(SUBSTITUTE(LEFT((" "&LEFT(SUBSTITUTE(A5,CHAR(13),""),FIND(CHAR(10),SUBSTITUTE(A5,CHAR(13),"")&CHAR(10))-1)),FIND(".",(" "&LEFT(SUBSTITUTE(A5,CHAR(13),""),FIND(CHAR(10),SUBSTITUTE(A5,CHAR(13),"")&CHAR(10))-1))))," ",""))))+1),FIND(" ",(" "&LEFT(SUBSTITUTE(A5,CHAR(13),""),FIND(CHAR(10),SUBSTITUTE(A5,CHAR(13),"")&CHAR(10))-1))&" ",FIND(".",(" "&LEFT(SUBSTITUTE(A5,CHAR(13),""),FIND(CHAR(10),SUBSTITUTE(A5,CHAR(13),"")&CHAR(10))-1))))-(FIND("~",SUBSTITUTE(LEFT((" "&LEFT(SUBSTITUTE(A5,CHAR(13),""),FIND(CHAR(10),SUBSTITUTE(A5,CHAR(13),"")&CHAR(10))-1)),FIND(".",(" "&LEFT(SUBSTITUTE(A5,CHAR(13),""),FIND(CHAR(10),SUBSTITUTE(A5,CHAR(13),"")&CHAR(10))-1))))," ","~",LEN(LEFT((" "&LEFT(SUBSTITUTE(A5,CHAR(13),""),FIND(CHAR(10),SUBSTITUTE(A5,CHAR(13),"")&CHAR(10))-1)),FIND(".",(" "&LEFT(SUBSTITUTE(A5,CHAR(13),""),FIND(CHAR(10),SUBSTITUTE(A5,CHAR(13),"")&CHAR(10))-1)))))-LEN(SUBSTITUTE(LEFT((" "&LEFT(SUBSTITUTE(A5,CHAR(13),""),FIND(CHAR(10),SUBSTITUTE(A5,CHAR(13),"")&CHAR(10))-1)),FIND(".",(" "&LEFT(SUBSTITUTE(A5,CHAR(13),""),FIND(CHAR(10),SUBSTITUTE(A5,CHAR(13),"")&CHAR(10))-1))))," ",""))))+1)),"")) -> 4.52 | F5: La columna D muestra el número que se tomó como importe, para que verifiques.
A6: =IFERROR(INDEX(Pegar!$A$3:$A$1002,MATCH(2,Pegar!$B$3:$B$1002,0))&IF(LEFT(INDEX(Pegar!$A$3:$A$1003,MATCH(2,Pegar!$B$3:$B$1002,0)+1),5)="DESC=",CHAR(10)&INDEX(Pegar!$A$3:$A$1003,MATCH(2,Pegar!$B$3:$B$1002,0)+1),""),"") -> -1809 1809 0.00 D2323 001 10002 MT262610076000010000248 DESC=TEST | B6: =IF(TRIM(A6)="","",IFERROR(MID(SUBSTITUTE(SUBSTITUTE(A6,CHAR(10)," "),CHAR(13)," "),FIND(" MT"," "&SUBSTITUTE(SUBSTITUTE(A6,CHAR(10)," "),CHAR(13)," ")),FIND(" ",SUBSTITUTE(SUBSTITUTE(A6,CHAR(10)," "),CHAR(13)," ")&" ",FIND(" MT"," "&SUBSTITUTE(SUBSTITUTE(A6,CHAR(10)," "),CHAR(13)," ")))-FIND(" MT"," "&SUBSTITUTE(SUBSTITUTE(A6,CHAR(10)," "),CHAR(13)," "))),"MT no encontrado")) -> MT262610076000010000248 | C6: =IF(TRIM(A6)="","",IF(D6="",FALSE(),SUBSTITUTE(SUBSTITUTE(SUBSTITUTE(D6,".",""),"0",""),"-","")<>"")) -> FALSE | D6: =IF(TRIM(A6)="","",IFERROR(MID((" "&LEFT(SUBSTITUTE(A6,CHAR(13),""),FIND(CHAR(10),SUBSTITUTE(A6,CHAR(13),"")&CHAR(10))-1)),(FIND("~",SUBSTITUTE(LEFT((" "&LEFT(SUBSTITUTE(A6,CHAR(13),""),FIND(CHAR(10),SUBSTITUTE(A6,CHAR(13),"")&CHAR(10))-1)),FIND(".",(" "&LEFT(SUBSTITUTE(A6,CHAR(13),""),FIND(CHAR(10),SUBSTITUTE(A6,CHAR(13),"")&CHAR(10))-1))))," ","~",LEN(LEFT((" "&LEFT(SUBSTITUTE(A6,CHAR(13),""),FIND(CHAR(10),SUBSTITUTE(A6,CHAR(13),"")&CHAR(10))-1)),FIND(".",(" "&LEFT(SUBSTITUTE(A6,CHAR(13),""),FIND(CHAR(10),SUBSTITUTE(A6,CHAR(13),"")&CHAR(10))-1)))))-LEN(SUBSTITUTE(LEFT((" "&LEFT(SUBSTITUTE(A6,CHAR(13),""),FIND(CHAR(10),SUBSTITUTE(A6,CHAR(13),"")&CHAR(10))-1)),FIND(".",(" "&LEFT(SUBSTITUTE(A6,CHAR(13),""),FIND(CHAR(10),SUBSTITUTE(A6,CHAR(13),"")&CHAR(10))-1))))," ",""))))+1),FIND(" ",(" "&LEFT(SUBSTITUTE(A6,CHAR(13),""),FIND(CHAR(10),SUBSTITUTE(A6,CHAR(13),"")&CHAR(10))-1))&" ",FIND(".",(" "&LEFT(SUBSTITUTE(A6,CHAR(13),""),FIND(CHAR(10),SUBSTITUTE(A6,CHAR(13),"")&CHAR(10))-1))))-(FIND("~",SUBSTITUTE(LEFT((" "&LEFT(SUBSTITUTE(A6,CHAR(13),""),FIND(CHAR(10),SUBSTITUTE(A6,CHAR(13),"")&CHAR(10))-1)),FIND(".",(" "&LEFT(SUBSTITUTE(A6,CHAR(13),""),FIND(CHAR(10),SUBSTITUTE(A6,CHAR(13),"")&CHAR(10))-1))))," ","~",LEN(LEFT((" "&LEFT(SUBSTITUTE(A6,CHAR(13),""),FIND(CHAR(10),SUBSTITUTE(A6,CHAR(13),"")&CHAR(10))-1)),FIND(".",(" "&LEFT(SUBSTITUTE(A6,CHAR(13),""),FIND(CHAR(10),SUBSTITUTE(A6,CHAR(13),"")&CHAR(10))-1)))))-LEN(SUBSTITUTE(LEFT((" "&LEFT(SUBSTITUTE(A6,CHAR(13),""),FIND(CHAR(10),SUBSTITUTE(A6,CHAR(13),"")&CHAR(10))-1)),FIND(".",(" "&LEFT(SUBSTITUTE(A6,CHAR(13),""),FIND(CHAR(10),SUBSTITUTE(A6,CHAR(13),"")&CHAR(10))-1))))," ",""))))+1)),"")) -> 0.00
A7: =IFERROR(INDEX(Pegar!$A$3:$A$1002,MATCH(3,Pegar!$B$3:$B$1002,0))&IF(LEFT(INDEX(Pegar!$A$3:$A$1003,MATCH(3,Pegar!$B$3:$B$1002,0)+1),5)="DESC=",CHAR(10)&INDEX(Pegar!$A$3:$A$1003,MATCH(3,Pegar!$B$3:$B$1002,0)+1),""),"") -> -1809 1809 D2323 001 10002 MT262610076000010000249 DESC=SIN IMPORTE | B7: =IF(TRIM(A7)="","",IFERROR(MID(SUBSTITUTE(SUBSTITUTE(A7,CHAR(10)," "),CHAR(13)," "),FIND(" MT"," "&SUBSTITUTE(SUBSTITUTE(A7,CHAR(10)," "),CHAR(13)," ")),FIND(" ",SUBSTITUTE(SUBSTITUTE(A7,CHAR(10)," "),CHAR(13)," ")&" ",FIND(" MT"," "&SUBSTITUTE(SUBSTITUTE(A7,CHAR(10)," "),CHAR(13)," ")))-FIND(" MT"," "&SUBSTITUTE(SUBSTITUTE(A7,CHAR(10)," "),CHAR(13)," "))),"MT no encontrado")) -> MT262610076000010000249 | C7: =IF(TRIM(A7)="","",IF(D7="",FALSE(),SUBSTITUTE(SUBSTITUTE(SUBSTITUTE(D7,".",""),"0",""),"-","")<>"")) -> FALSE | D7: =IF(TRIM(A7)="","",IFERROR(MID((" "&LEFT(SUBSTITUTE(A7,CHAR(13),""),FIND(CHAR(10),SUBSTITUTE(A7,CHAR(13),"")&CHAR(10))-1)),(FIND("~",SUBSTITUTE(LEFT((" "&LEFT(SUBSTITUTE(A7,CHAR(13),""),FIND(CHAR(10),SUBSTITUTE(A7,CHAR(13),"")&CHAR(10))-1)),FIND(".",(" "&LEFT(SUBSTITUTE(A7,CHAR(13),""),FIND(CHAR(10),SUBSTITUTE(A7,CHAR(13),"")&CHAR(10))-1))))," ","~",LEN(LEFT((" "&LEFT(SUBSTITUTE(A7,CHAR(13),""),FIND(CHAR(10),SUBSTITUTE(A7,CHAR(13),"")&CHAR(10))-1)),FIND(".",(" "&LEFT(SUBSTITUTE(A7,CHAR(13),""),FIND(CHAR(10),SUBSTITUTE(A7,CHAR(13),"")&CHAR(10))-1)))))-LEN(SUBSTITUTE(LEFT((" "&LEFT(SUBSTITUTE(A7,CHAR(13),""),FIND(CHAR(10),SUBSTITUTE(A7,CHAR(13),"")&CHAR(10))-1)),FIND(".",(" "&LEFT(SUBSTITUTE(A7,CHAR(13),""),FIND(CHAR(10),SUBSTITUTE(A7,CHAR(13),"")&CHAR(10))-1))))," ",""))))+1),FIND(" ",(" "&LEFT(SUBSTITUTE(A7,CHAR(13),""),FIND(CHAR(10),SUBSTITUTE(A7,CHAR(13),"")&CHAR(10))-1))&" ",FIND(".",(" "&LEFT(SUBSTITUTE(A7,CHAR(13),""),FIND(CHAR(10),SUBSTITUTE(A7,CHAR(13),"")&CHAR(10))-1))))-(FIND("~",SUBSTITUTE(LEFT((" "&LEFT(SUBSTITUTE(A7,CHAR(13),""),FIND(CHAR(10),SUBSTITUTE(A7,CHAR(13),"")&CHAR(10))-1)),FIND(".",(" "&LEFT(SUBSTITUTE(A7,CHAR(13),""),FIND(CHAR(10),SUBSTITUTE(A7,CHAR(13),"")&CHAR(10))-1))))," ","~",LEN(LEFT((" "&LEFT(SUBSTITUTE(A7,CHAR(13),""),FIND(CHAR(10),SUBSTITUTE(A7,CHAR(13),"")&CHAR(10))-1)),FIND(".",(" "&LEFT(SUBSTITUTE(A7,CHAR(13),""),FIND(CHAR(10),SUBSTITUTE(A7,CHAR(13),"")&CHAR(10))-1)))))-LEN(SUBSTITUTE(LEFT((" "&LEFT(SUBSTITUTE(A7,CHAR(13),""),FIND(CHAR(10),SUBSTITUTE(A7,CHAR(13),"")&CHAR(10))-1)),FIND(".",(" "&LEFT(SUBSTITUTE(A7,CHAR(13),""),FIND(CHAR(10),SUBSTITUTE(A7,CHAR(13),"")&CHAR(10))-1))))," ",""))))+1)),""))
A8: =IFERROR(INDEX(Pegar!$A$3:$A$1002,MATCH(4,Pegar!$B$3:$B$1002,0))&IF(LEFT(INDEX(Pegar!$A$3:$A$1003,MATCH(4,Pegar!$B$3:$B$1002,0)+1),5)="DESC=",CHAR(10)&INDEX(Pegar!$A$3:$A$1003,MATCH(4,Pegar!$B$3:$B$1002,0)+1),""),"") | B8: =IF(TRIM(A8)="","",IFERROR(MID(SUBSTITUTE(SUBSTITUTE(A8,CHAR(10)," "),CHAR(13)," "),FIND(" MT"," "&SUBSTITUTE(SUBSTITUTE(A8,CHAR(10)," "),CHAR(13)," ")),FIND(" ",SUBSTITUTE(SUBSTITUTE(A8,CHAR(10)," "),CHAR(13)," ")&" ",FIND(" MT"," "&SUBSTITUTE(SUBSTITUTE(A8,CHAR(10)," "),CHAR(13)," ")))-FIND(" MT"," "&SUBSTITUTE(SUBSTITUTE(A8,CHAR(10)," "),CHAR(13)," "))),"MT no encontrado")) | C8: =IF(TRIM(A8)="","",IF(D8="",FALSE(),SUBSTITUTE(SUBSTITUTE(SUBSTITUTE(D8,".",""),"0",""),"-","")<>"")) | D8: =IF(TRIM(A8)="","",IFERROR(MID((" "&LEFT(SUBSTITUTE(A8,CHAR(13),""),FIND(CHAR(10),SUBSTITUTE(A8,CHAR(13),"")&CHAR(10))-1)),(FIND("~",SUBSTITUTE(LEFT((" "&LEFT(SUBSTITUTE(A8,CHAR(13),""),FIND(CHAR(10),SUBSTITUTE(A8,CHAR(13),"")&CHAR(10))-1)),FIND(".",(" "&LEFT(SUBSTITUTE(A8,CHAR(13),""),FIND(CHAR(10),SUBSTITUTE(A8,CHAR(13),"")&CHAR(10))-1))))," ","~",LEN(LEFT((" "&LEFT(SUBSTITUTE(A8,CHAR(13),""),FIND(CHAR(10),SUBSTITUTE(A8,CHAR(13),"")&CHAR(10))-1)),FIND(".",(" "&LEFT(SUBSTITUTE(A8,CHAR(13),""),FIND(CHAR(10),SUBSTITUTE(A8,CHAR(13),"")&CHAR(10))-1)))))-LEN(SUBSTITUTE(LEFT((" "&LEFT(SUBSTITUTE(A8,CHAR(13),""),FIND(CHAR(10),SUBSTITUTE(A8,CHAR(13),"")&CHAR(10))-1)),FIND(".",(" "&LEFT(SUBSTITUTE(A8,CHAR(13),""),FIND(CHAR(10),SUBSTITUTE(A8,CHAR(13),"")&CHAR(10))-1))))," ",""))))+1),FIND(" ",(" "&LEFT(SUBSTITUTE(A8,CHAR(13),""),FIND(CHAR(10),SUBSTITUTE(A8,CHAR(13),"")&CHAR(10))-1))&" ",FIND(".",(" "&LEFT(SUBSTITUTE(A8,CHAR(13),""),FIND(CHAR(10),SUBSTITUTE(A8,CHAR(13),"")&CHAR(10))-1))))-(FIND("~",SUBSTITUTE(LEFT((" "&LEFT(SUBSTITUTE(A8,CHAR(13),""),FIND(CHAR(10),SUBSTITUTE(A8,CHAR(13),"")&CHAR(10))-1)),FIND(".",(" "&LEFT(SUBSTITUTE(A8,CHAR(13),""),FIND(CHAR(10),SUBSTITUTE(A8,CHAR(13),"")&CHAR(10))-1))))," ","~",LEN(LEFT((" "&LEFT(SUBSTITUTE(A8,CHAR(13),""),FIND(CHAR(10),SUBSTITUTE(A8,CHAR(13),"")&CHAR(10))-1)),FIND(".",(" "&LEFT(SUBSTITUTE(A8,CHAR(13),""),FIND(CHAR(10),SUBSTITUTE(A8,CHAR(13),"")&CHAR(10))-1)))))-LEN(SUBSTITUTE(LEFT((" "&LEFT(SUBSTITUTE(A8,CHAR(13),""),FIND(CHAR(10),SUBSTITUTE(A8,CHAR(13),"")&CHAR(10))-1)),FIND(".",(" "&LEFT(SUBSTITUTE(A8,CHAR(13),""),FIND(CHAR(10),SUBSTITUTE(A8,CHAR(13),"")&CHAR(10))-1))))," ",""))))+1)),""))
A9: =IFERROR(INDEX(Pegar!$A$3:$A$1002,MATCH(5,Pegar!$B$3:$B$1002,0))&IF(LEFT(INDEX(Pegar!$A$3:$A$1003,MATCH(5,Pegar!$B$3:$B$1002,0)+1),5)="DESC=",CHAR(10)&INDEX(Pegar!$A$3:$A$1003,MATCH(5,Pegar!$B$3:$B$1002,0)+1),""),"") | B9: =IF(TRIM(A9)="","",IFERROR(MID(SUBSTITUTE(SUBSTITUTE(A9,CHAR(10)," "),CHAR(13)," "),FIND(" MT"," "&SUBSTITUTE(SUBSTITUTE(A9,CHAR(10)," "),CHAR(13)," ")),FIND(" ",SUBSTITUTE(SUBSTITUTE(A9,CHAR(10)," "),CHAR(13)," ")&" ",FIND(" MT"," "&SUBSTITUTE(SUBSTITUTE(A9,CHAR(10)," "),CHAR(13)," ")))-FIND(" MT"," "&SUBSTITUTE(SUBSTITUTE(A9,CHAR(10)," "),CHAR(13)," "))),"MT no encontrado")) | C9: =IF(TRIM(A9)="","",IF(D9="",FALSE(),SUBSTITUTE(SUBSTITUTE(SUBSTITUTE(D9,".",""),"0",""),"-","")<>"")) | D9: =IF(TRIM(A9)="","",IFERROR(MID((" "&LEFT(SUBSTITUTE(A9,CHAR(13),""),FIND(CHAR(10),SUBSTITUTE(A9,CHAR(13),"")&CHAR(10))-1)),(FIND("~",SUBSTITUTE(LEFT((" "&LEFT(SUBSTITUTE(A9,CHAR(13),""),FIND(CHAR(10),SUBSTITUTE(A9,CHAR(13),"")&CHAR(10))-1)),FIND(".",(" "&LEFT(SUBSTITUTE(A9,CHAR(13),""),FIND(CHAR(10),SUBSTITUTE(A9,CHAR(13),"")&CHAR(10))-1))))," ","~",LEN(LEFT((" "&LEFT(SUBSTITUTE(A9,CHAR(13),""),FIND(CHAR(10),SUBSTITUTE(A9,CHAR(13),"")&CHAR(10))-1)),FIND(".",(" "&LEFT(SUBSTITUTE(A9,CHAR(13),""),FIND(CHAR(10),SUBSTITUTE(A9,CHAR(13),"")&CHAR(10))-1)))))-LEN(SUBSTITUTE(LEFT((" "&LEFT(SUBSTITUTE(A9,CHAR(13),""),FIND(CHAR(10),SUBSTITUTE(A9,CHAR(13),"")&CHAR(10))-1)),FIND(".",(" "&LEFT(SUBSTITUTE(A9,CHAR(13),""),FIND(CHAR(10),SUBSTITUTE(A9,CHAR(13),"")&CHAR(10))-1))))," ",""))))+1),FIND(" ",(" "&LEFT(SUBSTITUTE(A9,CHAR(13),""),FIND(CHAR(10),SUBSTITUTE(A9,CHAR(13),"")&CHAR(10))-1))&" ",FIND(".",(" "&LEFT(SUBSTITUTE(A9,CHAR(13),""),FIND(CHAR(10),SUBSTITUTE(A9,CHAR(13),"")&CHAR(10))-1))))-(FIND("~",SUBSTITUTE(LEFT((" "&LEFT(SUBSTITUTE(A9,CHAR(13),""),FIND(CHAR(10),SUBSTITUTE(A9,CHAR(13),"")&CHAR(10))-1)),FIND(".",(" "&LEFT(SUBSTITUTE(A9,CHAR(13),""),FIND(CHAR(10),SUBSTITUTE(A9,CHAR(13),"")&CHAR(10))-1))))," ","~",LEN(LEFT((" "&LEFT(SUBSTITUTE(A9,CHAR(13),""),FIND(CHAR(10),SUBSTITUTE(A9,CHAR(13),"")&CHAR(10))-1)),FIND(".",(" "&LEFT(SUBSTITUTE(A9,CHAR(13),""),FIND(CHAR(10),SUBSTITUTE(A9,CHAR(13),"")&CHAR(10))-1)))))-LEN(SUBSTITUTE(LEFT((" "&LEFT(SUBSTITUTE(A9,CHAR(13),""),FIND(CHAR(10),SUBSTITUTE(A9,CHAR(13),"")&CHAR(10))-1)),FIND(".",(" "&LEFT(SUBSTITUTE(A9,CHAR(13),""),FIND(CHAR(10),SUBSTITUTE(A9,CHAR(13),"")&CHAR(10))-1))))," ",""))))+1)),""))
A10: =IFERROR(INDEX(Pegar!$A$3:$A$1002,MATCH(6,Pegar!$B$3:$B$1002,0))&IF(LEFT(INDEX(Pegar!$A$3:$A$1003,MATCH(6,Pegar!$B$3:$B$1002,0)+1),5)="DESC=",CHAR(10)&INDEX(Pegar!$A$3:$A$1003,MATCH(6,Pegar!$B$3:$B$1002,0)+1),""),"") | B10: =IF(TRIM(A10)="","",IFERROR(MID(SUBSTITUTE(SUBSTITUTE(A10,CHAR(10)," "),CHAR(13)," "),FIND(" MT"," "&SUBSTITUTE(SUBSTITUTE(A10,CHAR(10)," "),CHAR(13)," ")),FIND(" ",SUBSTITUTE(SUBSTITUTE(A10,CHAR(10)," "),CHAR(13)," ")&" ",FIND(" MT"," "&SUBSTITUTE(SUBSTITUTE(A10,CHAR(10)," "),CHAR(13)," ")))-FIND(" MT"," "&SUBSTITUTE(SUBSTITUTE(A10,CHAR(10)," "),CHAR(13)," "))),"MT no encontrado")) | C10: =IF(TRIM(A10)="","",IF(D10="",FALSE(),SUBSTITUTE(SUBSTITUTE(SUBSTITUTE(D10,".",""),"0",""),"-","")<>"")) | D10: =IF(TRIM(A10)="","",IFERROR(MID((" "&LEFT(SUBSTITUTE(A10,CHAR(13),""),FIND(CHAR(10),SUBSTITUTE(A10,CHAR(13),"")&CHAR(10))-1)),(FIND("~",SUBSTITUTE(LEFT((" "&LEFT(SUBSTITUTE(A10,CHAR(13),""),FIND(CHAR(10),SUBSTITUTE(A10,CHAR(13),"")&CHAR(10))-1)),FIND(".",(" "&LEFT(SUBSTITUTE(A10,CHAR(13),""),FIND(CHAR(10),SUBSTITUTE(A10,CHAR(13),"")&CHAR(10))-1))))," ","~",LEN(LEFT((" "&LEFT(SUBSTITUTE(A10,CHAR(13),""),FIND(CHAR(10),SUBSTITUTE(A10,CHAR(13),"")&CHAR(10))-1)),FIND(".",(" "&LEFT(SUBSTITUTE(A10,CHAR(13),""),FIND(CHAR(10),SUBSTITUTE(A10,CHAR(13),"")&CHAR(10))-1)))))-LEN(SUBSTITUTE(LEFT((" "&LEFT(SUBSTITUTE(A10,CHAR(13),""),FIND(CHAR(10),SUBSTITUTE(A10,CHAR(13),"")&CHAR(10))-1)),FIND(".",(" "&LEFT(SUBSTITUTE(A10,CHAR(13),""),FIND(CHAR(10),SUBSTITUTE(A10,CHAR(13),"")&CHAR(10))-1))))," ",""))))+1),FIND(" ",(" "&LEFT(SUBSTITUTE(A10,CHAR(13),""),FIND(CHAR(10),SUBSTITUTE(A10,CHAR(13),"")&CHAR(10))-1))&" ",FIND(".",(" "&LEFT(SUBSTITUTE(A10,CHAR(13),""),FIND(CHAR(10),SUBSTITUTE(A10,CHAR(13),"")&CHAR(10))-1))))-(FIND("~",SUBSTITUTE(LEFT((" "&LEFT(SUBSTITUTE(A10,CHAR(13),""),FIND(CHAR(10),SUBSTITUTE(A10,CHAR(13),"")&CHAR(10))-1)),FIND(".",(" "&LEFT(SUBSTITUTE(A10,CHAR(13),""),FIND(CHAR(10),SUBSTITUTE(A10,CHAR(13),"")&CHAR(10))-1))))," ","~",LEN(LEFT((" "&LEFT(SUBSTITUTE(A10,CHAR(13),""),FIND(CHAR(10),SUBSTITUTE(A10,CHAR(13),"")&CHAR(10))-1)),FIND(".",(" "&LEFT(SUBSTITUTE(A10,CHAR(13),""),FIND(CHAR(10),SUBSTITUTE(A10,CHAR(13),"")&CHAR(10))-1)))))-LEN(SUBSTITUTE(LEFT((" "&LEFT(SUBSTITUTE(A10,CHAR(13),""),FIND(CHAR(10),SUBSTITUTE(A10,CHAR(13),"")&CHAR(10))-1)),FIND(".",(" "&LEFT(SUBSTITUTE(A10,CHAR(13),""),FIND(CHAR(10),SUBSTITUTE(A10,CHAR(13),"")&CHAR(10))-1))))," ",""))))+1)),""))
A11: =IFERROR(INDEX(Pegar!$A$3:$A$1002,MATCH(7,Pegar!$B$3:$B$1002,0))&IF(LEFT(INDEX(Pegar!$A$3:$A$1003,MATCH(7,Pegar!$B$3:$B$1002,0)+1),5)="DESC=",CHAR(10)&INDEX(Pegar!$A$3:$A$1003,MATCH(7,Pegar!$B$3:$B$1002,0)+1),""),"") | B11: =IF(TRIM(A11)="","",IFERROR(MID(SUBSTITUTE(SUBSTITUTE(A11,CHAR(10)," "),CHAR(13)," "),FIND(" MT"," "&SUBSTITUTE(SUBSTITUTE(A11,CHAR(10)," "),CHAR(13)," ")),FIND(" ",SUBSTITUTE(SUBSTITUTE(A11,CHAR(10)," "),CHAR(13)," ")&" ",FIND(" MT"," "&SUBSTITUTE(SUBSTITUTE(A11,CHAR(10)," "),CHAR(13)," ")))-FIND(" MT"," "&SUBSTITUTE(SUBSTITUTE(A11,CHAR(10)," "),CHAR(13)," "))),"MT no encontrado")) | C11: =IF(TRIM(A11)="","",IF(D11="",FALSE(),SUBSTITUTE(SUBSTITUTE(SUBSTITUTE(D11,".",""),"0",""),"-","")<>"")) | D11: =IF(TRIM(A11)="","",IFERROR(MID((" "&LEFT(SUBSTITUTE(A11,CHAR(13),""),FIND(CHAR(10),SUBSTITUTE(A11,CHAR(13),"")&CHAR(10))-1)),(FIND("~",SUBSTITUTE(LEFT((" "&LEFT(SUBSTITUTE(A11,CHAR(13),""),FIND(CHAR(10),SUBSTITUTE(A11,CHAR(13),"")&CHAR(10))-1)),FIND(".",(" "&LEFT(SUBSTITUTE(A11,CHAR(13),""),FIND(CHAR(10),SUBSTITUTE(A11,CHAR(13),"")&CHAR(10))-1))))," ","~",LEN(LEFT((" "&LEFT(SUBSTITUTE(A11,CHAR(13),""),FIND(CHAR(10),SUBSTITUTE(A11,CHAR(13),"")&CHAR(10))-1)),FIND(".",(" "&LEFT(SUBSTITUTE(A11,CHAR(13),""),FIND(CHAR(10),SUBSTITUTE(A11,CHAR(13),"")&CHAR(10))-1)))))-LEN(SUBSTITUTE(LEFT((" "&LEFT(SUBSTITUTE(A11,CHAR(13),""),FIND(CHAR(10),SUBSTITUTE(A11,CHAR(13),"")&CHAR(10))-1)),FIND(".",(" "&LEFT(SUBSTITUTE(A11,CHAR(13),""),FIND(CHAR(10),SUBSTITUTE(A11,CHAR(13),"")&CHAR(10))-1))))," ",""))))+1),FIND(" ",(" "&LEFT(SUBSTITUTE(A11,CHAR(13),""),FIND(CHAR(10),SUBSTITUTE(A11,CHAR(13),"")&CHAR(10))-1))&" ",FIND(".",(" "&LEFT(SUBSTITUTE(A11,CHAR(13),""),FIND(CHAR(10),SUBSTITUTE(A11,CHAR(13),"")&CHAR(10))-1))))-(FIND("~",SUBSTITUTE(LEFT((" "&LEFT(SUBSTITUTE(A11,CHAR(13),""),FIND(CHAR(10),SUBSTITUTE(A11,CHAR(13),"")&CHAR(10))-1)),FIND(".",(" "&LEFT(SUBSTITUTE(A11,CHAR(13),""),FIND(CHAR(10),SUBSTITUTE(A11,CHAR(13),"")&CHAR(10))-1))))," ","~",LEN(LEFT((" "&LEFT(SUBSTITUTE(A11,CHAR(13),""),FIND(CHAR(10),SUBSTITUTE(A11,CHAR(13),"")&CHAR(10))-1)),FIND(".",(" "&LEFT(SUBSTITUTE(A11,CHAR(13),""),FIND(CHAR(10),SUBSTITUTE(A11,CHAR(13),"")&CHAR(10))-1)))))-LEN(SUBSTITUTE(LEFT((" "&LEFT(SUBSTITUTE(A11,CHAR(13),""),FIND(CHAR(10),SUBSTITUTE(A11,CHAR(13),"")&CHAR(10))-1)),FIND(".",(" "&LEFT(SUBSTITUTE(A11,CHAR(13),""),FIND(CHAR(10),SUBSTITUTE(A11,CHAR(13),"")&CHAR(10))-1))))," ",""))))+1)),""))
A12: =IFERROR(INDEX(Pegar!$A$3:$A$1002,MATCH(8,Pegar!$B$3:$B$1002,0))&IF(LEFT(INDEX(Pegar!$A$3:$A$1003,MATCH(8,Pegar!$B$3:$B$1002,0)+1),5)="DESC=",CHAR(10)&INDEX(Pegar!$A$3:$A$1003,MATCH(8,Pegar!$B$3:$B$1002,0)+1),""),"") | B12: =IF(TRIM(A12)="","",IFERROR(MID(SUBSTITUTE(SUBSTITUTE(A12,CHAR(10)," "),CHAR(13)," "),FIND(" MT"," "&SUBSTITUTE(SUBSTITUTE(A12,CHAR(10)," "),CHAR(13)," ")),FIND(" ",SUBSTITUTE(SUBSTITUTE(A12,CHAR(10)," "),CHAR(13)," ")&" ",FIND(" MT"," "&SUBSTITUTE(SUBSTITUTE(A12,CHAR(10)," "),CHAR(13)," ")))-FIND(" MT"," "&SUBSTITUTE(SUBSTITUTE(A12,CHAR(10)," "),CHAR(13)," "))),"MT no encontrado")) | C12: =IF(TRIM(A12)="","",IF(D12="",FALSE(),SUBSTITUTE(SUBSTITUTE(SUBSTITUTE(D12,".",""),"0",""),"-","")<>"")) | D12: =IF(TRIM(A12)="","",IFERROR(MID((" "&LEFT(SUBSTITUTE(A12,CHAR(13),""),FIND(CHAR(10),SUBSTITUTE(A12,CHAR(13),"")&CHAR(10))-1)),(FIND("~",SUBSTITUTE(LEFT((" "&LEFT(SUBSTITUTE(A12,CHAR(13),""),FIND(CHAR(10),SUBSTITUTE(A12,CHAR(13),"")&CHAR(10))-1)),FIND(".",(" "&LEFT(SUBSTITUTE(A12,CHAR(13),""),FIND(CHAR(10),SUBSTITUTE(A12,CHAR(13),"")&CHAR(10))-1))))," ","~",LEN(LEFT((" "&LEFT(SUBSTITUTE(A12,CHAR(13),""),FIND(CHAR(10),SUBSTITUTE(A12,CHAR(13),"")&CHAR(10))-1)),FIND(".",(" "&LEFT(SUBSTITUTE(A12,CHAR(13),""),FIND(CHAR(10),SUBSTITUTE(A12,CHAR(13),"")&CHAR(10))-1)))))-LEN(SUBSTITUTE(LEFT((" "&LEFT(SUBSTITUTE(A12,CHAR(13),""),FIND(CHAR(10),SUBSTITUTE(A12,CHAR(13),"")&CHAR(10))-1)),FIND(".",(" "&LEFT(SUBSTITUTE(A12,CHAR(13),""),FIND(CHAR(10),SUBSTITUTE(A12,CHAR(13),"")&CHAR(10))-1))))," ",""))))+1),FIND(" ",(" "&LEFT(SUBSTITUTE(A12,CHAR(13),""),FIND(CHAR(10),SUBSTITUTE(A12,CHAR(13),"")&CHAR(10))-1))&" ",FIND(".",(" "&LEFT(SUBSTITUTE(A12,CHAR(13),""),FIND(CHAR(10),SUBSTITUTE(A12,CHAR(13),"")&CHAR(10))-1))))-(FIND("~",SUBSTITUTE(LEFT((" "&LEFT(SUBSTITUTE(A12,CHAR(13),""),FIND(CHAR(10),SUBSTITUTE(A12,CHAR(13),"")&CHAR(10))-1)),FIND(".",(" "&LEFT(SUBSTITUTE(A12,CHAR(13),""),FIND(CHAR(10),SUBSTITUTE(A12,CHAR(13),"")&CHAR(10))-1))))," ","~",LEN(LEFT((" "&LEFT(SUBSTITUTE(A12,CHAR(13),""),FIND(CHAR(10),SUBSTITUTE(A12,CHAR(13),"")&CHAR(10))-1)),FIND(".",(" "&LEFT(SUBSTITUTE(A12,CHAR(13),""),FIND(CHAR(10),SUBSTITUTE(A12,CHAR(13),"")&CHAR(10))-1)))))-LEN(SUBSTITUTE(LEFT((" "&LEFT(SUBSTITUTE(A12,CHAR(13),""),FIND(CHAR(10),SUBSTITUTE(A12,CHAR(13),"")&CHAR(10))-1)),FIND(".",(" "&LEFT(SUBSTITUTE(A12,CHAR(13),""),FIND(CHAR(10),SUBSTITUTE(A12,CHAR(13),"")&CHAR(10))-1))))," ",""))))+1)),""))
A13: =IFERROR(INDEX(Pegar!$A$3:$A$1002,MATCH(9,Pegar!$B$3:$B$1002,0))&IF(LEFT(INDEX(Pegar!$A$3:$A$1003,MATCH(9,Pegar!$B$3:$B$1002,0)+1),5)="DESC=",CHAR(10)&INDEX(Pegar!$A$3:$A$1003,MATCH(9,Pegar!$B$3:$B$1002,0)+1),""),"") | B13: =IF(TRIM(A13)="","",IFERROR(MID(SUBSTITUTE(SUBSTITUTE(A13,CHAR(10)," "),CHAR(13)," "),FIND(" MT"," "&SUBSTITUTE(SUBSTITUTE(A13,CHAR(10)," "),CHAR(13)," ")),FIND(" ",SUBSTITUTE(SUBSTITUTE(A13,CHAR(10)," "),CHAR(13)," ")&" ",FIND(" MT"," "&SUBSTITUTE(SUBSTITUTE(A13,CHAR(10)," "),CHAR(13)," ")))-FIND(" MT"," "&SUBSTITUTE(SUBSTITUTE(A13,CHAR(10)," "),CHAR(13)," "))),"MT no encontrado")) | C13: =IF(TRIM(A13)="","",IF(D13="",FALSE(),SUBSTITUTE(SUBSTITUTE(SUBSTITUTE(D13,".",""),"0",""),"-","")<>"")) | D13: =IF(TRIM(A13)="","",IFERROR(MID((" "&LEFT(SUBSTITUTE(A13,CHAR(13),""),FIND(CHAR(10),SUBSTITUTE(A13,CHAR(13),"")&CHAR(10))-1)),(FIND("~",SUBSTITUTE(LEFT((" "&LEFT(SUBSTITUTE(A13,CHAR(13),""),FIND(CHAR(10),SUBSTITUTE(A13,CHAR(13),"")&CHAR(10))-1)),FIND(".",(" "&LEFT(SUBSTITUTE(A13,CHAR(13),""),FIND(CHAR(10),SUBSTITUTE(A13,CHAR(13),"")&CHAR(10))-1))))," ","~",LEN(LEFT((" "&LEFT(SUBSTITUTE(A13,CHAR(13),""),FIND(CHAR(10),SUBSTITUTE(A13,CHAR(13),"")&CHAR(10))-1)),FIND(".",(" "&LEFT(SUBSTITUTE(A13,CHAR(13),""),FIND(CHAR(10),SUBSTITUTE(A13,CHAR(13),"")&CHAR(10))-1)))))-LEN(SUBSTITUTE(LEFT((" "&LEFT(SUBSTITUTE(A13,CHAR(13),""),FIND(CHAR(10),SUBSTITUTE(A13,CHAR(13),"")&CHAR(10))-1)),FIND(".",(" "&LEFT(SUBSTITUTE(A13,CHAR(13),""),FIND(CHAR(10),SUBSTITUTE(A13,CHAR(13),"")&CHAR(10))-1))))," ",""))))+1),FIND(" ",(" "&LEFT(SUBSTITUTE(A13,CHAR(13),""),FIND(CHAR(10),SUBSTITUTE(A13,CHAR(13),"")&CHAR(10))-1))&" ",FIND(".",(" "&LEFT(SUBSTITUTE(A13,CHAR(13),""),FIND(CHAR(10),SUBSTITUTE(A13,CHAR(13),"")&CHAR(10))-1))))-(FIND("~",SUBSTITUTE(LEFT((" "&LEFT(SUBSTITUTE(A13,CHAR(13),""),FIND(CHAR(10),SUBSTITUTE(A13,CHAR(13),"")&CHAR(10))-1)),FIND(".",(" "&LEFT(SUBSTITUTE(A13,CHAR(13),""),FIND(CHAR(10),SUBSTITUTE(A13,CHAR(13),"")&CHAR(10))-1))))," ","~",LEN(LEFT((" "&LEFT(SUBSTITUTE(A13,CHAR(13),""),FIND(CHAR(10),SUBSTITUTE(A13,CHAR(13),"")&CHAR(10))-1)),FIND(".",(" "&LEFT(SUBSTITUTE(A13,CHAR(13),""),FIND(CHAR(10),SUBSTITUTE(A13,CHAR(13),"")&CHAR(10))-1)))))-LEN(SUBSTITUTE(LEFT((" "&LEFT(SUBSTITUTE(A13,CHAR(13),""),FIND(CHAR(10),SUBSTITUTE(A13,CHAR(13),"")&CHAR(10))-1)),FIND(".",(" "&LEFT(SUBSTITUTE(A13,CHAR(13),""),FIND(CHAR(10),SUBSTITUTE(A13,CHAR(13),"")&CHAR(10))-1))))," ",""))))+1)),""))
A14: =IFERROR(INDEX(Pegar!$A$3:$A$1002,MATCH(10,Pegar!$B$3:$B$1002,0))&IF(LEFT(INDEX(Pegar!$A$3:$A$1003,MATCH(10,Pegar!$B$3:$B$1002,0)+1),5)="DESC=",CHAR(10)&INDEX(Pegar!$A$3:$A$1003,MATCH(10,Pegar!$B$3:$B$1002,0)+1),""),"") | B14: =IF(TRIM(A14)="","",IFERROR(MID(SUBSTITUTE(SUBSTITUTE(A14,CHAR(10)," "),CHAR(13)," "),FIND(" MT"," "&SUBSTITUTE(SUBSTITUTE(A14,CHAR(10)," "),CHAR(13)," ")),FIND(" ",SUBSTITUTE(SUBSTITUTE(A14,CHAR(10)," "),CHAR(13)," ")&" ",FIND(" MT"," "&SUBSTITUTE(SUBSTITUTE(A14,CHAR(10)," "),CHAR(13)," ")))-FIND(" MT"," "&SUBSTITUTE(SUBSTITUTE(A14,CHAR(10)," "),CHAR(13)," "))),"MT no encontrado")) | C14: =IF(TRIM(A14)="","",IF(D14="",FALSE(),SUBSTITUTE(SUBSTITUTE(SUBSTITUTE(D14,".",""),"0",""),"-","")<>"")) | D14: =IF(TRIM(A14)="","",IFERROR(MID((" "&LEFT(SUBSTITUTE(A14,CHAR(13),""),FIND(CHAR(10),SUBSTITUTE(A14,CHAR(13),"")&CHAR(10))-1)),(FIND("~",SUBSTITUTE(LEFT((" "&LEFT(SUBSTITUTE(A14,CHAR(13),""),FIND(CHAR(10),SUBSTITUTE(A14,CHAR(13),"")&CHAR(10))-1)),FIND(".",(" "&LEFT(SUBSTITUTE(A14,CHAR(13),""),FIND(CHAR(10),SUBSTITUTE(A14,CHAR(13),"")&CHAR(10))-1))))," ","~",LEN(LEFT((" "&LEFT(SUBSTITUTE(A14,CHAR(13),""),FIND(CHAR(10),SUBSTITUTE(A14,CHAR(13),"")&CHAR(10))-1)),FIND(".",(" "&LEFT(SUBSTITUTE(A14,CHAR(13),""),FIND(CHAR(10),SUBSTITUTE(A14,CHAR(13),"")&CHAR(10))-1)))))-LEN(SUBSTITUTE(LEFT((" "&LEFT(SUBSTITUTE(A14,CHAR(13),""),FIND(CHAR(10),SUBSTITUTE(A14,CHAR(13),"")&CHAR(10))-1)),FIND(".",(" "&LEFT(SUBSTITUTE(A14,CHAR(13),""),FIND(CHAR(10),SUBSTITUTE(A14,CHAR(13),"")&CHAR(10))-1))))," ",""))))+1),FIND(" ",(" "&LEFT(SUBSTITUTE(A14,CHAR(13),""),FIND(CHAR(10),SUBSTITUTE(A14,CHAR(13),"")&CHAR(10))-1))&" ",FIND(".",(" "&LEFT(SUBSTITUTE(A14,CHAR(13),""),FIND(CHAR(10),SUBSTITUTE(A14,CHAR(13),"")&CHAR(10))-1))))-(FIND("~",SUBSTITUTE(LEFT((" "&LEFT(SUBSTITUTE(A14,CHAR(13),""),FIND(CHAR(10),SUBSTITUTE(A14,CHAR(13),"")&CHAR(10))-1)),FIND(".",(" "&LEFT(SUBSTITUTE(A14,CHAR(13),""),FIND(CHAR(10),SUBSTITUTE(A14,CHAR(13),"")&CHAR(10))-1))))," ","~",LEN(LEFT((" "&LEFT(SUBSTITUTE(A14,CHAR(13),""),FIND(CHAR(10),SUBSTITUTE(A14,CHAR(13),"")&CHAR(10))-1)),FIND(".",(" "&LEFT(SUBSTITUTE(A14,CHAR(13),""),FIND(CHAR(10),SUBSTITUTE(A14,CHAR(13),"")&CHAR(10))-1)))))-LEN(SUBSTITUTE(LEFT((" "&LEFT(SUBSTITUTE(A14,CHAR(13),""),FIND(CHAR(10),SUBSTITUTE(A14,CHAR(13),"")&CHAR(10))-1)),FIND(".",(" "&LEFT(SUBSTITUTE(A14,CHAR(13),""),FIND(CHAR(10),SUBSTITUTE(A14,CHAR(13),"")&CHAR(10))-1))))," ",""))))+1)),""))
A15: =IFERROR(INDEX(Pegar!$A$3:$A$1002,MATCH(11,Pegar!$B$3:$B$1002,0))&IF(LEFT(INDEX(Pegar!$A$3:$A$1003,MATCH(11,Pegar!$B$3:$B$1002,0)+1),5)="DESC=",CHAR(10)&INDEX(Pegar!$A$3:$A$1003,MATCH(11,Pegar!$B$3:$B$1002,0)+1),""),"") | B15: =IF(TRIM(A15)="","",IFERROR(MID(SUBSTITUTE(SUBSTITUTE(A15,CHAR(10)," "),CHAR(13)," "),FIND(" MT"," "&SUBSTITUTE(SUBSTITUTE(A15,CHAR(10)," "),CHAR(13)," ")),FIND(" ",SUBSTITUTE(SUBSTITUTE(A15,CHAR(10)," "),CHAR(13)," ")&" ",FIND(" MT"," "&SUBSTITUTE(SUBSTITUTE(A15,CHAR(10)," "),CHAR(13)," ")))-FIND(" MT"," "&SUBSTITUTE(SUBSTITUTE(A15,CHAR(10)," "),CHAR(13)," "))),"MT no encontrado")) | C15: =IF(TRIM(A15)="","",IF(D15="",FALSE(),SUBSTITUTE(SUBSTITUTE(SUBSTITUTE(D15,".",""),"0",""),"-","")<>"")) | D15: =IF(TRIM(A15)="","",IFERROR(MID((" "&LEFT(SUBSTITUTE(A15,CHAR(13),""),FIND(CHAR(10),SUBSTITUTE(A15,CHAR(13),"")&CHAR(10))-1)),(FIND("~",SUBSTITUTE(LEFT((" "&LEFT(SUBSTITUTE(A15,CHAR(13),""),FIND(CHAR(10),SUBSTITUTE(A15,CHAR(13),"")&CHAR(10))-1)),FIND(".",(" "&LEFT(SUBSTITUTE(A15,CHAR(13),""),FIND(CHAR(10),SUBSTITUTE(A15,CHAR(13),"")&CHAR(10))-1))))," ","~",LEN(LEFT((" "&LEFT(SUBSTITUTE(A15,CHAR(13),""),FIND(CHAR(10),SUBSTITUTE(A15,CHAR(13),"")&CHAR(10))-1)),FIND(".",(" "&LEFT(SUBSTITUTE(A15,CHAR(13),""),FIND(CHAR(10),SUBSTITUTE(A15,CHAR(13),"")&CHAR(10))-1)))))-LEN(SUBSTITUTE(LEFT((" "&LEFT(SUBSTITUTE(A15,CHAR(13),""),FIND(CHAR(10),SUBSTITUTE(A15,CHAR(13),"")&CHAR(10))-1)),FIND(".",(" "&LEFT(SUBSTITUTE(A15,CHAR(13),""),FIND(CHAR(10),SUBSTITUTE(A15,CHAR(13),"")&CHAR(10))-1))))," ",""))))+1),FIND(" ",(" "&LEFT(SUBSTITUTE(A15,CHAR(13),""),FIND(CHAR(10),SUBSTITUTE(A15,CHAR(13),"")&CHAR(10))-1))&" ",FIND(".",(" "&LEFT(SUBSTITUTE(A15,CHAR(13),""),FIND(CHAR(10),SUBSTITUTE(A15,CHAR(13),"")&CHAR(10))-1))))-(FIND("~",SUBSTITUTE(LEFT((" "&LEFT(SUBSTITUTE(A15,CHAR(13),""),FIND(CHAR(10),SUBSTITUTE(A15,CHAR(13),"")&CHAR(10))-1)),FIND(".",(" "&LEFT(SUBSTITUTE(A15,CHAR(13),""),FIND(CHAR(10),SUBSTITUTE(A15,CHAR(13),"")&CHAR(10))-1))))," ","~",LEN(LEFT((" "&LEFT(SUBSTITUTE(A15,CHAR(13),""),FIND(CHAR(10),SUBSTITUTE(A15,CHAR(13),"")&CHAR(10))-1)),FIND(".",(" "&LEFT(SUBSTITUTE(A15,CHAR(13),""),FIND(CHAR(10),SUBSTITUTE(A15,CHAR(13),"")&CHAR(10))-1)))))-LEN(SUBSTITUTE(LEFT((" "&LEFT(SUBSTITUTE(A15,CHAR(13),""),FIND(CHAR(10),SUBSTITUTE(A15,CHAR(13),"")&CHAR(10))-1)),FIND(".",(" "&LEFT(SUBSTITUTE(A15,CHAR(13),""),FIND(CHAR(10),SUBSTITUTE(A15,CHAR(13),"")&CHAR(10))-1))))," ",""))))+1)),""))
A16: =IFERROR(INDEX(Pegar!$A$3:$A$1002,MATCH(12,Pegar!$B$3:$B$1002,0))&IF(LEFT(INDEX(Pegar!$A$3:$A$1003,MATCH(12,Pegar!$B$3:$B$1002,0)+1),5)="DESC=",CHAR(10)&INDEX(Pegar!$A$3:$A$1003,MATCH(12,Pegar!$B$3:$B$1002,0)+1),""),"") | B16: =IF(TRIM(A16)="","",IFERROR(MID(SUBSTITUTE(SUBSTITUTE(A16,CHAR(10)," "),CHAR(13)," "),FIND(" MT"," "&SUBSTITUTE(SUBSTITUTE(A16,CHAR(10)," "),CHAR(13)," ")),FIND(" ",SUBSTITUTE(SUBSTITUTE(A16,CHAR(10)," "),CHAR(13)," ")&" ",FIND(" MT"," "&SUBSTITUTE(SUBSTITUTE(A16,CHAR(10)," "),CHAR(13)," ")))-FIND(" MT"," "&SUBSTITUTE(SUBSTITUTE(A16,CHAR(10)," "),CHAR(13)," "))),"MT no encontrado")) | C16: =IF(TRIM(A16)="","",IF(D16="",FALSE(),SUBSTITUTE(SUBSTITUTE(SUBSTITUTE(D16,".",""),"0",""),"-","")<>"")) | D16: =IF(TRIM(A16)="","",IFERROR(MID((" "&LEFT(SUBSTITUTE(A16,CHAR(13),""),FIND(CHAR(10),SUBSTITUTE(A16,CHAR(13),"")&CHAR(10))-1)),(FIND("~",SUBSTITUTE(LEFT((" "&LEFT(SUBSTITUTE(A16,CHAR(13),""),FIND(CHAR(10),SUBSTITUTE(A16,CHAR(13),"")&CHAR(10))-1)),FIND(".",(" "&LEFT(SUBSTITUTE(A16,CHAR(13),""),FIND(CHAR(10),SUBSTITUTE(A16,CHAR(13),"")&CHAR(10))-1))))," ","~",LEN(LEFT((" "&LEFT(SUBSTITUTE(A16,CHAR(13),""),FIND(CHAR(10),SUBSTITUTE(A16,CHAR(13),"")&CHAR(10))-1)),FIND(".",(" "&LEFT(SUBSTITUTE(A16,CHAR(13),""),FIND(CHAR(10),SUBSTITUTE(A16,CHAR(13),"")&CHAR(10))-1)))))-LEN(SUBSTITUTE(LEFT((" "&LEFT(SUBSTITUTE(A16,CHAR(13),""),FIND(CHAR(10),SUBSTITUTE(A16,CHAR(13),"")&CHAR(10))-1)),FIND(".",(" "&LEFT(SUBSTITUTE(A16,CHAR(13),""),FIND(CHAR(10),SUBSTITUTE(A16,CHAR(13),"")&CHAR(10))-1))))," ",""))))+1),FIND(" ",(" "&LEFT(SUBSTITUTE(A16,CHAR(13),""),FIND(CHAR(10),SUBSTITUTE(A16,CHAR(13),"")&CHAR(10))-1))&" ",FIND(".",(" "&LEFT(SUBSTITUTE(A16,CHAR(13),""),FIND(CHAR(10),SUBSTITUTE(A16,CHAR(13),"")&CHAR(10))-1))))-(FIND("~",SUBSTITUTE(LEFT((" "&LEFT(SUBSTITUTE(A16,CHAR(13),""),FIND(CHAR(10),SUBSTITUTE(A16,CHAR(13),"")&CHAR(10))-1)),FIND(".",(" "&LEFT(SUBSTITUTE(A16,CHAR(13),""),FIND(CHAR(10),SUBSTITUTE(A16,CHAR(13),"")&CHAR(10))-1))))," ","~",LEN(LEFT((" "&LEFT(SUBSTITUTE(A16,CHAR(13),""),FIND(CHAR(10),SUBSTITUTE(A16,CHAR(13),"")&CHAR(10))-1)),FIND(".",(" "&LEFT(SUBSTITUTE(A16,CHAR(13),""),FIND(CHAR(10),SUBSTITUTE(A16,CHAR(13),"")&CHAR(10))-1)))))-LEN(SUBSTITUTE(LEFT((" "&LEFT(SUBSTITUTE(A16,CHAR(13),""),FIND(CHAR(10),SUBSTITUTE(A16,CHAR(13),"")&CHAR(10))-1)),FIND(".",(" "&LEFT(SUBSTITUTE(A16,CHAR(13),""),FIND(CHAR(10),SUBSTITUTE(A16,CHAR(13),"")&CHAR(10))-1))))," ",""))))+1)),""))
A17: =IFERROR(INDEX(Pegar!$A$3:$A$1002,MATCH(13,Pegar!$B$3:$B$1002,0))&IF(LEFT(INDEX(Pegar!$A$3:$A$1003,MATCH(13,Pegar!$B$3:$B$1002,0)+1),5)="DESC=",CHAR(10)&INDEX(Pegar!$A$3:$A$1003,MATCH(13,Pegar!$B$3:$B$1002,0)+1),""),"") | B17: =IF(TRIM(A17)="","",IFERROR(MID(SUBSTITUTE(SUBSTITUTE(A17,CHAR(10)," "),CHAR(13)," "),FIND(" MT"," "&SUBSTITUTE(SUBSTITUTE(A17,CHAR(10)," "),CHAR(13)," ")),FIND(" ",SUBSTITUTE(SUBSTITUTE(A17,CHAR(10)," "),CHAR(13)," ")&" ",FIND(" MT"," "&SUBSTITUTE(SUBSTITUTE(A17,CHAR(10)," "),CHAR(13)," ")))-FIND(" MT"," "&SUBSTITUTE(SUBSTITUTE(A17,CHAR(10)," "),CHAR(13)," "))),"MT no encontrado")) | C17: =IF(TRIM(A17)="","",IF(D17="",FALSE(),SUBSTITUTE(SUBSTITUTE(SUBSTITUTE(D17,".",""),"0",""),"-","")<>"")) | D17: =IF(TRIM(A17)="","",IFERROR(MID((" "&LEFT(SUBSTITUTE(A17,CHAR(13),""),FIND(CHAR(10),SUBSTITUTE(A17,CHAR(13),"")&CHAR(10))-1)),(FIND("~",SUBSTITUTE(LEFT((" "&LEFT(SUBSTITUTE(A17,CHAR(13),""),FIND(CHAR(10),SUBSTITUTE(A17,CHAR(13),"")&CHAR(10))-1)),FIND(".",(" "&LEFT(SUBSTITUTE(A17,CHAR(13),""),FIND(CHAR(10),SUBSTITUTE(A17,CHAR(13),"")&CHAR(10))-1))))," ","~",LEN(LEFT((" "&LEFT(SUBSTITUTE(A17,CHAR(13),""),FIND(CHAR(10),SUBSTITUTE(A17,CHAR(13),"")&CHAR(10))-1)),FIND(".",(" "&LEFT(SUBSTITUTE(A17,CHAR(13),""),FIND(CHAR(10),SUBSTITUTE(A17,CHAR(13),"")&CHAR(10))-1)))))-LEN(SUBSTITUTE(LEFT((" "&LEFT(SUBSTITUTE(A17,CHAR(13),""),FIND(CHAR(10),SUBSTITUTE(A17,CHAR(13),"")&CHAR(10))-1)),FIND(".",(" "&LEFT(SUBSTITUTE(A17,CHAR(13),""),FIND(CHAR(10),SUBSTITUTE(A17,CHAR(13),"")&CHAR(10))-1))))," ",""))))+1),FIND(" ",(" "&LEFT(SUBSTITUTE(A17,CHAR(13),""),FIND(CHAR(10),SUBSTITUTE(A17,CHAR(13),"")&CHAR(10))-1))&" ",FIND(".",(" "&LEFT(SUBSTITUTE(A17,CHAR(13),""),FIND(CHAR(10),SUBSTITUTE(A17,CHAR(13),"")&CHAR(10))-1))))-(FIND("~",SUBSTITUTE(LEFT((" "&LEFT(SUBSTITUTE(A17,CHAR(13),""),FIND(CHAR(10),SUBSTITUTE(A17,CHAR(13),"")&CHAR(10))-1)),FIND(".",(" "&LEFT(SUBSTITUTE(A17,CHAR(13),""),FIND(CHAR(10),SUBSTITUTE(A17,CHAR(13),"")&CHAR(10))-1))))," ","~",LEN(LEFT((" "&LEFT(SUBSTITUTE(A17,CHAR(13),""),FIND(CHAR(10),SUBSTITUTE(A17,CHAR(13),"")&CHAR(10))-1)),FIND(".",(" "&LEFT(SUBSTITUTE(A17,CHAR(13),""),FIND(CHAR(10),SUBSTITUTE(A17,CHAR(13),"")&CHAR(10))-1)))))-LEN(SUBSTITUTE(LEFT((" "&LEFT(SUBSTITUTE(A17,CHAR(13),""),FIND(CHAR(10),SUBSTITUTE(A17,CHAR(13),"")&CHAR(10))-1)),FIND(".",(" "&LEFT(SUBSTITUTE(A17,CHAR(13),""),FIND(CHAR(10),SUBSTITUTE(A17,CHAR(13),"")&CHAR(10))-1))))," ",""))))+1)),""))
A18: =IFERROR(INDEX(Pegar!$A$3:$A$1002,MATCH(14,Pegar!$B$3:$B$1002,0))&IF(LEFT(INDEX(Pegar!$A$3:$A$1003,MATCH(14,Pegar!$B$3:$B$1002,0)+1),5)="DESC=",CHAR(10)&INDEX(Pegar!$A$3:$A$1003,MATCH(14,Pegar!$B$3:$B$1002,0)+1),""),"") | B18: =IF(TRIM(A18)="","",IFERROR(MID(SUBSTITUTE(SUBSTITUTE(A18,CHAR(10)," "),CHAR(13)," "),FIND(" MT"," "&SUBSTITUTE(SUBSTITUTE(A18,CHAR(10)," "),CHAR(13)," ")),FIND(" ",SUBSTITUTE(SUBSTITUTE(A18,CHAR(10)," "),CHAR(13)," ")&" ",FIND(" MT"," "&SUBSTITUTE(SUBSTITUTE(A18,CHAR(10)," "),CHAR(13)," ")))-FIND(" MT"," "&SUBSTITUTE(SUBSTITUTE(A18,CHAR(10)," "),CHAR(13)," "))),"MT no encontrado")) | C18: =IF(TRIM(A18)="","",IF(D18="",FALSE(),SUBSTITUTE(SUBSTITUTE(SUBSTITUTE(D18,".",""),"0",""),"-","")<>"")) | D18: =IF(TRIM(A18)="","",IFERROR(MID((" "&LEFT(SUBSTITUTE(A18,CHAR(13),""),FIND(CHAR(10),SUBSTITUTE(A18,CHAR(13),"")&CHAR(10))-1)),(FIND("~",SUBSTITUTE(LEFT((" "&LEFT(SUBSTITUTE(A18,CHAR(13),""),FIND(CHAR(10),SUBSTITUTE(A18,CHAR(13),"")&CHAR(10))-1)),FIND(".",(" "&LEFT(SUBSTITUTE(A18,CHAR(13),""),FIND(CHAR(10),SUBSTITUTE(A18,CHAR(13),"")&CHAR(10))-1))))," ","~",LEN(LEFT((" "&LEFT(SUBSTITUTE(A18,CHAR(13),""),FIND(CHAR(10),SUBSTITUTE(A18,CHAR(13),"")&CHAR(10))-1)),FIND(".",(" "&LEFT(SUBSTITUTE(A18,CHAR(13),""),FIND(CHAR(10),SUBSTITUTE(A18,CHAR(13),"")&CHAR(10))-1)))))-LEN(SUBSTITUTE(LEFT((" "&LEFT(SUBSTITUTE(A18,CHAR(13),""),FIND(CHAR(10),SUBSTITUTE(A18,CHAR(13),"")&CHAR(10))-1)),FIND(".",(" "&LEFT(SUBSTITUTE(A18,CHAR(13),""),FIND(CHAR(10),SUBSTITUTE(A18,CHAR(13),"")&CHAR(10))-1))))," ",""))))+1),FIND(" ",(" "&LEFT(SUBSTITUTE(A18,CHAR(13),""),FIND(CHAR(10),SUBSTITUTE(A18,CHAR(13),"")&CHAR(10))-1))&" ",FIND(".",(" "&LEFT(SUBSTITUTE(A18,CHAR(13),""),FIND(CHAR(10),SUBSTITUTE(A18,CHAR(13),"")&CHAR(10))-1))))-(FIND("~",SUBSTITUTE(LEFT((" "&LEFT(SUBSTITUTE(A18,CHAR(13),""),FIND(CHAR(10),SUBSTITUTE(A18,CHAR(13),"")&CHAR(10))-1)),FIND(".",(" "&LEFT(SUBSTITUTE(A18,CHAR(13),""),FIND(CHAR(10),SUBSTITUTE(A18,CHAR(13),"")&CHAR(10))-1))))," ","~",LEN(LEFT((" "&LEFT(SUBSTITUTE(A18,CHAR(13),""),FIND(CHAR(10),SUBSTITUTE(A18,CHAR(13),"")&CHAR(10))-1)),FIND(".",(" "&LEFT(SUBSTITUTE(A18,CHAR(13),""),FIND(CHAR(10),SUBSTITUTE(A18,CHAR(13),"")&CHAR(10))-1)))))-LEN(SUBSTITUTE(LEFT((" "&LEFT(SUBSTITUTE(A18,CHAR(13),""),FIND(CHAR(10),SUBSTITUTE(A18,CHAR(13),"")&CHAR(10))-1)),FIND(".",(" "&LEFT(SUBSTITUTE(A18,CHAR(13),""),FIND(CHAR(10),SUBSTITUTE(A18,CHAR(13),"")&CHAR(10))-1))))," ",""))))+1)),""))
A19: =IFERROR(INDEX(Pegar!$A$3:$A$1002,MATCH(15,Pegar!$B$3:$B$1002,0))&IF(LEFT(INDEX(Pegar!$A$3:$A$1003,MATCH(15,Pegar!$B$3:$B$1002,0)+1),5)="DESC=",CHAR(10)&INDEX(Pegar!$A$3:$A$1003,MATCH(15,Pegar!$B$3:$B$1002,0)+1),""),"") | B19: =IF(TRIM(A19)="","",IFERROR(MID(SUBSTITUTE(SUBSTITUTE(A19,CHAR(10)," "),CHAR(13)," "),FIND(" MT"," "&SUBSTITUTE(SUBSTITUTE(A19,CHAR(10)," "),CHAR(13)," ")),FIND(" ",SUBSTITUTE(SUBSTITUTE(A19,CHAR(10)," "),CHAR(13)," ")&" ",FIND(" MT"," "&SUBSTITUTE(SUBSTITUTE(A19,CHAR(10)," "),CHAR(13)," ")))-FIND(" MT"," "&SUBSTITUTE(SUBSTITUTE(A19,CHAR(10)," "),CHAR(13)," "))),"MT no encontrado")) | C19: =IF(TRIM(A19)="","",IF(D19="",FALSE(),SUBSTITUTE(SUBSTITUTE(SUBSTITUTE(D19,".",""),"0",""),"-","")<>"")) | D19: =IF(TRIM(A19)="","",IFERROR(MID((" "&LEFT(SUBSTITUTE(A19,CHAR(13),""),FIND(CHAR(10),SUBSTITUTE(A19,CHAR(13),"")&CHAR(10))-1)),(FIND("~",SUBSTITUTE(LEFT((" "&LEFT(SUBSTITUTE(A19,CHAR(13),""),FIND(CHAR(10),SUBSTITUTE(A19,CHAR(13),"")&CHAR(10))-1)),FIND(".",(" "&LEFT(SUBSTITUTE(A19,CHAR(13),""),FIND(CHAR(10),SUBSTITUTE(A19,CHAR(13),"")&CHAR(10))-1))))," ","~",LEN(LEFT((" "&LEFT(SUBSTITUTE(A19,CHAR(13),""),FIND(CHAR(10),SUBSTITUTE(A19,CHAR(13),"")&CHAR(10))-1)),FIND(".",(" "&LEFT(SUBSTITUTE(A19,CHAR(13),""),FIND(CHAR(10),SUBSTITUTE(A19,CHAR(13),"")&CHAR(10))-1)))))-LEN(SUBSTITUTE(LEFT((" "&LEFT(SUBSTITUTE(A19,CHAR(13),""),FIND(CHAR(10),SUBSTITUTE(A19,CHAR(13),"")&CHAR(10))-1)),FIND(".",(" "&LEFT(SUBSTITUTE(A19,CHAR(13),""),FIND(CHAR(10),SUBSTITUTE(A19,CHAR(13),"")&CHAR(10))-1))))," ",""))))+1),FIND(" ",(" "&LEFT(SUBSTITUTE(A19,CHAR(13),""),FIND(CHAR(10),SUBSTITUTE(A19,CHAR(13),"")&CHAR(10))-1))&" ",FIND(".",(" "&LEFT(SUBSTITUTE(A19,CHAR(13),""),FIND(CHAR(10),SUBSTITUTE(A19,CHAR(13),"")&CHAR(10))-1))))-(FIND("~",SUBSTITUTE(LEFT((" "&LEFT(SUBSTITUTE(A19,CHAR(13),""),FIND(CHAR(10),SUBSTITUTE(A19,CHAR(13),"")&CHAR(10))-1)),FIND(".",(" "&LEFT(SUBSTITUTE(A19,CHAR(13),""),FIND(CHAR(10),SUBSTITUTE(A19,CHAR(13),"")&CHAR(10))-1))))," ","~",LEN(LEFT((" "&LEFT(SUBSTITUTE(A19,CHAR(13),""),FIND(CHAR(10),SUBSTITUTE(A19,CHAR(13),"")&CHAR(10))-1)),FIND(".",(" "&LEFT(SUBSTITUTE(A19,CHAR(13),""),FIND(CHAR(10),SUBSTITUTE(A19,CHAR(13),"")&CHAR(10))-1)))))-LEN(SUBSTITUTE(LEFT((" "&LEFT(SUBSTITUTE(A19,CHAR(13),""),FIND(CHAR(10),SUBSTITUTE(A19,CHAR(13),"")&CHAR(10))-1)),FIND(".",(" "&LEFT(SUBSTITUTE(A19,CHAR(13),""),FIND(CHAR(10),SUBSTITUTE(A19,CHAR(13),"")&CHAR(10))-1))))," ",""))))+1)),""))
A20: =IFERROR(INDEX(Pegar!$A$3:$A$1002,MATCH(16,Pegar!$B$3:$B$1002,0))&IF(LEFT(INDEX(Pegar!$A$3:$A$1003,MATCH(16,Pegar!$B$3:$B$1002,0)+1),5)="DESC=",CHAR(10)&INDEX(Pegar!$A$3:$A$1003,MATCH(16,Pegar!$B$3:$B$1002,0)+1),""),"") | B20: =IF(TRIM(A20)="","",IFERROR(MID(SUBSTITUTE(SUBSTITUTE(A20,CHAR(10)," "),CHAR(13)," "),FIND(" MT"," "&SUBSTITUTE(SUBSTITUTE(A20,CHAR(10)," "),CHAR(13)," ")),FIND(" ",SUBSTITUTE(SUBSTITUTE(A20,CHAR(10)," "),CHAR(13)," ")&" ",FIND(" MT"," "&SUBSTITUTE(SUBSTITUTE(A20,CHAR(10)," "),CHAR(13)," ")))-FIND(" MT"," "&SUBSTITUTE(SUBSTITUTE(A20,CHAR(10)," "),CHAR(13)," "))),"MT no encontrado")) | C20: =IF(TRIM(A20)="","",IF(D20="",FALSE(),SUBSTITUTE(SUBSTITUTE(SUBSTITUTE(D20,".",""),"0",""),"-","")<>"")) | D20: =IF(TRIM(A20)="","",IFERROR(MID((" "&LEFT(SUBSTITUTE(A20,CHAR(13),""),FIND(CHAR(10),SUBSTITUTE(A20,CHAR(13),"")&CHAR(10))-1)),(FIND("~",SUBSTITUTE(LEFT((" "&LEFT(SUBSTITUTE(A20,CHAR(13),""),FIND(CHAR(10),SUBSTITUTE(A20,CHAR(13),"")&CHAR(10))-1)),FIND(".",(" "&LEFT(SUBSTITUTE(A20,CHAR(13),""),FIND(CHAR(10),SUBSTITUTE(A20,CHAR(13),"")&CHAR(10))-1))))," ","~",LEN(LEFT((" "&LEFT(SUBSTITUTE(A20,CHAR(13),""),FIND(CHAR(10),SUBSTITUTE(A20,CHAR(13),"")&CHAR(10))-1)),FIND(".",(" "&LEFT(SUBSTITUTE(A20,CHAR(13),""),FIND(CHAR(10),SUBSTITUTE(A20,CHAR(13),"")&CHAR(10))-1)))))-LEN(SUBSTITUTE(LEFT((" "&LEFT(SUBSTITUTE(A20,CHAR(13),""),FIND(CHAR(10),SUBSTITUTE(A20,CHAR(13),"")&CHAR(10))-1)),FIND(".",(" "&LEFT(SUBSTITUTE(A20,CHAR(13),""),FIND(CHAR(10),SUBSTITUTE(A20,CHAR(13),"")&CHAR(10))-1))))," ",""))))+1),FIND(" ",(" "&LEFT(SUBSTITUTE(A20,CHAR(13),""),FIND(CHAR(10),SUBSTITUTE(A20,CHAR(13),"")&CHAR(10))-1))&" ",FIND(".",(" "&LEFT(SUBSTITUTE(A20,CHAR(13),""),FIND(CHAR(10),SUBSTITUTE(A20,CHAR(13),"")&CHAR(10))-1))))-(FIND("~",SUBSTITUTE(LEFT((" "&LEFT(SUBSTITUTE(A20,CHAR(13),""),FIND(CHAR(10),SUBSTITUTE(A20,CHAR(13),"")&CHAR(10))-1)),FIND(".",(" "&LEFT(SUBSTITUTE(A20,CHAR(13),""),FIND(CHAR(10),SUBSTITUTE(A20,CHAR(13),"")&CHAR(10))-1))))," ","~",LEN(LEFT((" "&LEFT(SUBSTITUTE(A20,CHAR(13),""),FIND(CHAR(10),SUBSTITUTE(A20,CHAR(13),"")&CHAR(10))-1)),FIND(".",(" "&LEFT(SUBSTITUTE(A20,CHAR(13),""),FIND(CHAR(10),SUBSTITUTE(A20,CHAR(13),"")&CHAR(10))-1)))))-LEN(SUBSTITUTE(LEFT((" "&LEFT(SUBSTITUTE(A20,CHAR(13),""),FIND(CHAR(10),SUBSTITUTE(A20,CHAR(13),"")&CHAR(10))-1)),FIND(".",(" "&LEFT(SUBSTITUTE(A20,CHAR(13),""),FIND(CHAR(10),SUBSTITUTE(A20,CHAR(13),"")&CHAR(10))-1))))," ",""))))+1)),""))
A21: =IFERROR(INDEX(Pegar!$A$3:$A$1002,MATCH(17,Pegar!$B$3:$B$1002,0))&IF(LEFT(INDEX(Pegar!$A$3:$A$1003,MATCH(17,Pegar!$B$3:$B$1002,0)+1),5)="DESC=",CHAR(10)&INDEX(Pegar!$A$3:$A$1003,MATCH(17,Pegar!$B$3:$B$1002,0)+1),""),"") | B21: =IF(TRIM(A21)="","",IFERROR(MID(SUBSTITUTE(SUBSTITUTE(A21,CHAR(10)," "),CHAR(13)," "),FIND(" MT"," "&SUBSTITUTE(SUBSTITUTE(A21,CHAR(10)," "),CHAR(13)," ")),FIND(" ",SUBSTITUTE(SUBSTITUTE(A21,CHAR(10)," "),CHAR(13)," ")&" ",FIND(" MT"," "&SUBSTITUTE(SUBSTITUTE(A21,CHAR(10)," "),CHAR(13)," ")))-FIND(" MT"," "&SUBSTITUTE(SUBSTITUTE(A21,CHAR(10)," "),CHAR(13)," "))),"MT no encontrado")) | C21: =IF(TRIM(A21)="","",IF(D21="",FALSE(),SUBSTITUTE(SUBSTITUTE(SUBSTITUTE(D21,".",""),"0",""),"-","")<>"")) | D21: =IF(TRIM(A21)="","",IFERROR(MID((" "&LEFT(SUBSTITUTE(A21,CHAR(13),""),FIND(CHAR(10),SUBSTITUTE(A21,CHAR(13),"")&CHAR(10))-1)),(FIND("~",SUBSTITUTE(LEFT((" "&LEFT(SUBSTITUTE(A21,CHAR(13),""),FIND(CHAR(10),SUBSTITUTE(A21,CHAR(13),"")&CHAR(10))-1)),FIND(".",(" "&LEFT(SUBSTITUTE(A21,CHAR(13),""),FIND(CHAR(10),SUBSTITUTE(A21,CHAR(13),"")&CHAR(10))-1))))," ","~",LEN(LEFT((" "&LEFT(SUBSTITUTE(A21,CHAR(13),""),FIND(CHAR(10),SUBSTITUTE(A21,CHAR(13),"")&CHAR(10))-1)),FIND(".",(" "&LEFT(SUBSTITUTE(A21,CHAR(13),""),FIND(CHAR(10),SUBSTITUTE(A21,CHAR(13),"")&CHAR(10))-1)))))-LEN(SUBSTITUTE(LEFT((" "&LEFT(SUBSTITUTE(A21,CHAR(13),""),FIND(CHAR(10),SUBSTITUTE(A21,CHAR(13),"")&CHAR(10))-1)),FIND(".",(" "&LEFT(SUBSTITUTE(A21,CHAR(13),""),FIND(CHAR(10),SUBSTITUTE(A21,CHAR(13),"")&CHAR(10))-1))))," ",""))))+1),FIND(" ",(" "&LEFT(SUBSTITUTE(A21,CHAR(13),""),FIND(CHAR(10),SUBSTITUTE(A21,CHAR(13),"")&CHAR(10))-1))&" ",FIND(".",(" "&LEFT(SUBSTITUTE(A21,CHAR(13),""),FIND(CHAR(10),SUBSTITUTE(A21,CHAR(13),"")&CHAR(10))-1))))-(FIND("~",SUBSTITUTE(LEFT((" "&LEFT(SUBSTITUTE(A21,CHAR(13),""),FIND(CHAR(10),SUBSTITUTE(A21,CHAR(13),"")&CHAR(10))-1)),FIND(".",(" "&LEFT(SUBSTITUTE(A21,CHAR(13),""),FIND(CHAR(10),SUBSTITUTE(A21,CHAR(13),"")&CHAR(10))-1))))," ","~",LEN(LEFT((" "&LEFT(SUBSTITUTE(A21,CHAR(13),""),FIND(CHAR(10),SUBSTITUTE(A21,CHAR(13),"")&CHAR(10))-1)),FIND(".",(" "&LEFT(SUBSTITUTE(A21,CHAR(13),""),FIND(CHAR(10),SUBSTITUTE(A21,CHAR(13),"")&CHAR(10))-1)))))-LEN(SUBSTITUTE(LEFT((" "&LEFT(SUBSTITUTE(A21,CHAR(13),""),FIND(CHAR(10),SUBSTITUTE(A21,CHAR(13),"")&CHAR(10))-1)),FIND(".",(" "&LEFT(SUBSTITUTE(A21,CHAR(13),""),FIND(CHAR(10),SUBSTITUTE(A21,CHAR(13),"")&CHAR(10))-1))))," ",""))))+1)),""))
A22: =IFERROR(INDEX(Pegar!$A$3:$A$1002,MATCH(18,Pegar!$B$3:$B$1002,0))&IF(LEFT(INDEX(Pegar!$A$3:$A$1003,MATCH(18,Pegar!$B$3:$B$1002,0)+1),5)="DESC=",CHAR(10)&INDEX(Pegar!$A$3:$A$1003,MATCH(18,Pegar!$B$3:$B$1002,0)+1),""),"") | B22: =IF(TRIM(A22)="","",IFERROR(MID(SUBSTITUTE(SUBSTITUTE(A22,CHAR(10)," "),CHAR(13)," "),FIND(" MT"," "&SUBSTITUTE(SUBSTITUTE(A22,CHAR(10)," "),CHAR(13)," ")),FIND(" ",SUBSTITUTE(SUBSTITUTE(A22,CHAR(10)," "),CHAR(13)," ")&" ",FIND(" MT"," "&SUBSTITUTE(SUBSTITUTE(A22,CHAR(10)," "),CHAR(13)," ")))-FIND(" MT"," "&SUBSTITUTE(SUBSTITUTE(A22,CHAR(10)," "),CHAR(13)," "))),"MT no encontrado")) | C22: =IF(TRIM(A22)="","",IF(D22="",FALSE(),SUBSTITUTE(SUBSTITUTE(SUBSTITUTE(D22,".",""),"0",""),"-","")<>"")) | D22: =IF(TRIM(A22)="","",IFERROR(MID((" "&LEFT(SUBSTITUTE(A22,CHAR(13),""),FIND(CHAR(10),SUBSTITUTE(A22,CHAR(13),"")&CHAR(10))-1)),(FIND("~",SUBSTITUTE(LEFT((" "&LEFT(SUBSTITUTE(A22,CHAR(13),""),FIND(CHAR(10),SUBSTITUTE(A22,CHAR(13),"")&CHAR(10))-1)),FIND(".",(" "&LEFT(SUBSTITUTE(A22,CHAR(13),""),FIND(CHAR(10),SUBSTITUTE(A22,CHAR(13),"")&CHAR(10))-1))))," ","~",LEN(LEFT((" "&LEFT(SUBSTITUTE(A22,CHAR(13),""),FIND(CHAR(10),SUBSTITUTE(A22,CHAR(13),"")&CHAR(10))-1)),FIND(".",(" "&LEFT(SUBSTITUTE(A22,CHAR(13),""),FIND(CHAR(10),SUBSTITUTE(A22,CHAR(13),"")&CHAR(10))-1)))))-LEN(SUBSTITUTE(LEFT((" "&LEFT(SUBSTITUTE(A22,CHAR(13),""),FIND(CHAR(10),SUBSTITUTE(A22,CHAR(13),"")&CHAR(10))-1)),FIND(".",(" "&LEFT(SUBSTITUTE(A22,CHAR(13),""),FIND(CHAR(10),SUBSTITUTE(A22,CHAR(13),"")&CHAR(10))-1))))," ",""))))+1),FIND(" ",(" "&LEFT(SUBSTITUTE(A22,CHAR(13),""),FIND(CHAR(10),SUBSTITUTE(A22,CHAR(13),"")&CHAR(10))-1))&" ",FIND(".",(" "&LEFT(SUBSTITUTE(A22,CHAR(13),""),FIND(CHAR(10),SUBSTITUTE(A22,CHAR(13),"")&CHAR(10))-1))))-(FIND("~",SUBSTITUTE(LEFT((" "&LEFT(SUBSTITUTE(A22,CHAR(13),""),FIND(CHAR(10),SUBSTITUTE(A22,CHAR(13),"")&CHAR(10))-1)),FIND(".",(" "&LEFT(SUBSTITUTE(A22,CHAR(13),""),FIND(CHAR(10),SUBSTITUTE(A22,CHAR(13),"")&CHAR(10))-1))))," ","~",LEN(LEFT((" "&LEFT(SUBSTITUTE(A22,CHAR(13),""),FIND(CHAR(10),SUBSTITUTE(A22,CHAR(13),"")&CHAR(10))-1)),FIND(".",(" "&LEFT(SUBSTITUTE(A22,CHAR(13),""),FIND(CHAR(10),SUBSTITUTE(A22,CHAR(13),"")&CHAR(10))-1)))))-LEN(SUBSTITUTE(LEFT((" "&LEFT(SUBSTITUTE(A22,CHAR(13),""),FIND(CHAR(10),SUBSTITUTE(A22,CHAR(13),"")&CHAR(10))-1)),FIND(".",(" "&LEFT(SUBSTITUTE(A22,CHAR(13),""),FIND(CHAR(10),SUBSTITUTE(A22,CHAR(13),"")&CHAR(10))-1))))," ",""))))+1)),""))
A23: =IFERROR(INDEX(Pegar!$A$3:$A$1002,MATCH(19,Pegar!$B$3:$B$1002,0))&IF(LEFT(INDEX(Pegar!$A$3:$A$1003,MATCH(19,Pegar!$B$3:$B$1002,0)+1),5)="DESC=",CHAR(10)&INDEX(Pegar!$A$3:$A$1003,MATCH(19,Pegar!$B$3:$B$1002,0)+1),""),"") | B23: =IF(TRIM(A23)="","",IFERROR(MID(SUBSTITUTE(SUBSTITUTE(A23,CHAR(10)," "),CHAR(13)," "),FIND(" MT"," "&SUBSTITUTE(SUBSTITUTE(A23,CHAR(10)," "),CHAR(13)," ")),FIND(" ",SUBSTITUTE(SUBSTITUTE(A23,CHAR(10)," "),CHAR(13)," ")&" ",FIND(" MT"," "&SUBSTITUTE(SUBSTITUTE(A23,CHAR(10)," "),CHAR(13)," ")))-FIND(" MT"," "&SUBSTITUTE(SUBSTITUTE(A23,CHAR(10)," "),CHAR(13)," "))),"MT no encontrado")) | C23: =IF(TRIM(A23)="","",IF(D23="",FALSE(),SUBSTITUTE(SUBSTITUTE(SUBSTITUTE(D23,".",""),"0",""),"-","")<>"")) | D23: =IF(TRIM(A23)="","",IFERROR(MID((" "&LEFT(SUBSTITUTE(A23,CHAR(13),""),FIND(CHAR(10),SUBSTITUTE(A23,CHAR(13),"")&CHAR(10))-1)),(FIND("~",SUBSTITUTE(LEFT((" "&LEFT(SUBSTITUTE(A23,CHAR(13),""),FIND(CHAR(10),SUBSTITUTE(A23,CHAR(13),"")&CHAR(10))-1)),FIND(".",(" "&LEFT(SUBSTITUTE(A23,CHAR(13),""),FIND(CHAR(10),SUBSTITUTE(A23,CHAR(13),"")&CHAR(10))-1))))," ","~",LEN(LEFT((" "&LEFT(SUBSTITUTE(A23,CHAR(13),""),FIND(CHAR(10),SUBSTITUTE(A23,CHAR(13),"")&CHAR(10))-1)),FIND(".",(" "&LEFT(SUBSTITUTE(A23,CHAR(13),""),FIND(CHAR(10),SUBSTITUTE(A23,CHAR(13),"")&CHAR(10))-1)))))-LEN(SUBSTITUTE(LEFT((" "&LEFT(SUBSTITUTE(A23,CHAR(13),""),FIND(CHAR(10),SUBSTITUTE(A23,CHAR(13),"")&CHAR(10))-1)),FIND(".",(" "&LEFT(SUBSTITUTE(A23,CHAR(13),""),FIND(CHAR(10),SUBSTITUTE(A23,CHAR(13),"")&CHAR(10))-1))))," ",""))))+1),FIND(" ",(" "&LEFT(SUBSTITUTE(A23,CHAR(13),""),FIND(CHAR(10),SUBSTITUTE(A23,CHAR(13),"")&CHAR(10))-1))&" ",FIND(".",(" "&LEFT(SUBSTITUTE(A23,CHAR(13),""),FIND(CHAR(10),SUBSTITUTE(A23,CHAR(13),"")&CHAR(10))-1))))-(FIND("~",SUBSTITUTE(LEFT((" "&LEFT(SUBSTITUTE(A23,CHAR(13),""),FIND(CHAR(10),SUBSTITUTE(A23,CHAR(13),"")&CHAR(10))-1)),FIND(".",(" "&LEFT(SUBSTITUTE(A23,CHAR(13),""),FIND(CHAR(10),SUBSTITUTE(A23,CHAR(13),"")&CHAR(10))-1))))," ","~",LEN(LEFT((" "&LEFT(SUBSTITUTE(A23,CHAR(13),""),FIND(CHAR(10),SUBSTITUTE(A23,CHAR(13),"")&CHAR(10))-1)),FIND(".",(" "&LEFT(SUBSTITUTE(A23,CHAR(13),""),FIND(CHAR(10),SUBSTITUTE(A23,CHAR(13),"")&CHAR(10))-1)))))-LEN(SUBSTITUTE(LEFT((" "&LEFT(SUBSTITUTE(A23,CHAR(13),""),FIND(CHAR(10),SUBSTITUTE(A23,CHAR(13),"")&CHAR(10))-1)),FIND(".",(" "&LEFT(SUBSTITUTE(A23,CHAR(13),""),FIND(CHAR(10),SUBSTITUTE(A23,CHAR(13),"")&CHAR(10))-1))))," ",""))))+1)),""))
A24: =IFERROR(INDEX(Pegar!$A$3:$A$1002,MATCH(20,Pegar!$B$3:$B$1002,0))&IF(LEFT(INDEX(Pegar!$A$3:$A$1003,MATCH(20,Pegar!$B$3:$B$1002,0)+1),5)="DESC=",CHAR(10)&INDEX(Pegar!$A$3:$A$1003,MATCH(20,Pegar!$B$3:$B$1002,0)+1),""),"") | B24: =IF(TRIM(A24)="","",IFERROR(MID(SUBSTITUTE(SUBSTITUTE(A24,CHAR(10)," "),CHAR(13)," "),FIND(" MT"," "&SUBSTITUTE(SUBSTITUTE(A24,CHAR(10)," "),CHAR(13)," ")),FIND(" ",SUBSTITUTE(SUBSTITUTE(A24,CHAR(10)," "),CHAR(13)," ")&" ",FIND(" MT"," "&SUBSTITUTE(SUBSTITUTE(A24,CHAR(10)," "),CHAR(13)," ")))-FIND(" MT"," "&SUBSTITUTE(SUBSTITUTE(A24,CHAR(10)," "),CHAR(13)," "))),"MT no encontrado")) | C24: =IF(TRIM(A24)="","",IF(D24="",FALSE(),SUBSTITUTE(SUBSTITUTE(SUBSTITUTE(D24,".",""),"0",""),"-","")<>"")) | D24: =IF(TRIM(A24)="","",IFERROR(MID((" "&LEFT(SUBSTITUTE(A24,CHAR(13),""),FIND(CHAR(10),SUBSTITUTE(A24,CHAR(13),"")&CHAR(10))-1)),(FIND("~",SUBSTITUTE(LEFT((" "&LEFT(SUBSTITUTE(A24,CHAR(13),""),FIND(CHAR(10),SUBSTITUTE(A24,CHAR(13),"")&CHAR(10))-1)),FIND(".",(" "&LEFT(SUBSTITUTE(A24,CHAR(13),""),FIND(CHAR(10),SUBSTITUTE(A24,CHAR(13),"")&CHAR(10))-1))))," ","~",LEN(LEFT((" "&LEFT(SUBSTITUTE(A24,CHAR(13),""),FIND(CHAR(10),SUBSTITUTE(A24,CHAR(13),"")&CHAR(10))-1)),FIND(".",(" "&LEFT(SUBSTITUTE(A24,CHAR(13),""),FIND(CHAR(10),SUBSTITUTE(A24,CHAR(13),"")&CHAR(10))-1)))))-LEN(SUBSTITUTE(LEFT((" "&LEFT(SUBSTITUTE(A24,CHAR(13),""),FIND(CHAR(10),SUBSTITUTE(A24,CHAR(13),"")&CHAR(10))-1)),FIND(".",(" "&LEFT(SUBSTITUTE(A24,CHAR(13),""),FIND(CHAR(10),SUBSTITUTE(A24,CHAR(13),"")&CHAR(10))-1))))," ",""))))+1),FIND(" ",(" "&LEFT(SUBSTITUTE(A24,CHAR(13),""),FIND(CHAR(10),SUBSTITUTE(A24,CHAR(13),"")&CHAR(10))-1))&" ",FIND(".",(" "&LEFT(SUBSTITUTE(A24,CHAR(13),""),FIND(CHAR(10),SUBSTITUTE(A24,CHAR(13),"")&CHAR(10))-1))))-(FIND("~",SUBSTITUTE(LEFT((" "&LEFT(SUBSTITUTE(A24,CHAR(13),""),FIND(CHAR(10),SUBSTITUTE(A24,CHAR(13),"")&CHAR(10))-1)),FIND(".",(" "&LEFT(SUBSTITUTE(A24,CHAR(13),""),FIND(CHAR(10),SUBSTITUTE(A24,CHAR(13),"")&CHAR(10))-1))))," ","~",LEN(LEFT((" "&LEFT(SUBSTITUTE(A24,CHAR(13),""),FIND(CHAR(10),SUBSTITUTE(A24,CHAR(13),"")&CHAR(10))-1)),FIND(".",(" "&LEFT(SUBSTITUTE(A24,CHAR(13),""),FIND(CHAR(10),SUBSTITUTE(A24,CHAR(13),"")&CHAR(10))-1)))))-LEN(SUBSTITUTE(LEFT((" "&LEFT(SUBSTITUTE(A24,CHAR(13),""),FIND(CHAR(10),SUBSTITUTE(A24,CHAR(13),"")&CHAR(10))-1)),FIND(".",(" "&LEFT(SUBSTITUTE(A24,CHAR(13),""),FIND(CHAR(10),SUBSTITUTE(A24,CHAR(13),"")&CHAR(10))-1))))," ",""))))+1)),""))
A25: =IFERROR(INDEX(Pegar!$A$3:$A$1002,MATCH(21,Pegar!$B$3:$B$1002,0))&IF(LEFT(INDEX(Pegar!$A$3:$A$1003,MATCH(21,Pegar!$B$3:$B$1002,0)+1),5)="DESC=",CHAR(10)&INDEX(Pegar!$A$3:$A$1003,MATCH(21,Pegar!$B$3:$B$1002,0)+1),""),"") | B25: =IF(TRIM(A25)="","",IFERROR(MID(SUBSTITUTE(SUBSTITUTE(A25,CHAR(10)," "),CHAR(13)," "),FIND(" MT"," "&SUBSTITUTE(SUBSTITUTE(A25,CHAR(10)," "),CHAR(13)," ")),FIND(" ",SUBSTITUTE(SUBSTITUTE(A25,CHAR(10)," "),CHAR(13)," ")&" ",FIND(" MT"," "&SUBSTITUTE(SUBSTITUTE(A25,CHAR(10)," "),CHAR(13)," ")))-FIND(" MT"," "&SUBSTITUTE(SUBSTITUTE(A25,CHAR(10)," "),CHAR(13)," "))),"MT no encontrado")) | C25: =IF(TRIM(A25)="","",IF(D25="",FALSE(),SUBSTITUTE(SUBSTITUTE(SUBSTITUTE(D25,".",""),"0",""),"-","")<>"")) | D25: =IF(TRIM(A25)="","",IFERROR(MID((" "&LEFT(SUBSTITUTE(A25,CHAR(13),""),FIND(CHAR(10),SUBSTITUTE(A25,CHAR(13),"")&CHAR(10))-1)),(FIND("~",SUBSTITUTE(LEFT((" "&LEFT(SUBSTITUTE(A25,CHAR(13),""),FIND(CHAR(10),SUBSTITUTE(A25,CHAR(13),"")&CHAR(10))-1)),FIND(".",(" "&LEFT(SUBSTITUTE(A25,CHAR(13),""),FIND(CHAR(10),SUBSTITUTE(A25,CHAR(13),"")&CHAR(10))-1))))," ","~",LEN(LEFT((" "&LEFT(SUBSTITUTE(A25,CHAR(13),""),FIND(CHAR(10),SUBSTITUTE(A25,CHAR(13),"")&CHAR(10))-1)),FIND(".",(" "&LEFT(SUBSTITUTE(A25,CHAR(13),""),FIND(CHAR(10),SUBSTITUTE(A25,CHAR(13),"")&CHAR(10))-1)))))-LEN(SUBSTITUTE(LEFT((" "&LEFT(SUBSTITUTE(A25,CHAR(13),""),FIND(CHAR(10),SUBSTITUTE(A25,CHAR(13),"")&CHAR(10))-1)),FIND(".",(" "&LEFT(SUBSTITUTE(A25,CHAR(13),""),FIND(CHAR(10),SUBSTITUTE(A25,CHAR(13),"")&CHAR(10))-1))))," ",""))))+1),FIND(" ",(" "&LEFT(SUBSTITUTE(A25,CHAR(13),""),FIND(CHAR(10),SUBSTITUTE(A25,CHAR(13),"")&CHAR(10))-1))&" ",FIND(".",(" "&LEFT(SUBSTITUTE(A25,CHAR(13),""),FIND(CHAR(10),SUBSTITUTE(A25,CHAR(13),"")&CHAR(10))-1))))-(FIND("~",SUBSTITUTE(LEFT((" "&LEFT(SUBSTITUTE(A25,CHAR(13),""),FIND(CHAR(10),SUBSTITUTE(A25,CHAR(13),"")&CHAR(10))-1)),FIND(".",(" "&LEFT(SUBSTITUTE(A25,CHAR(13),""),FIND(CHAR(10),SUBSTITUTE(A25,CHAR(13),"")&CHAR(10))-1))))," ","~",LEN(LEFT((" "&LEFT(SUBSTITUTE(A25,CHAR(13),""),FIND(CHAR(10),SUBSTITUTE(A25,CHAR(13),"")&CHAR(10))-1)),FIND(".",(" "&LEFT(SUBSTITUTE(A25,CHAR(13),""),FIND(CHAR(10),SUBSTITUTE(A25,CHAR(13),"")&CHAR(10))-1)))))-LEN(SUBSTITUTE(LEFT((" "&LEFT(SUBSTITUTE(A25,CHAR(13),""),FIND(CHAR(10),SUBSTITUTE(A25,CHAR(13),"")&CHAR(10))-1)),FIND(".",(" "&LEFT(SUBSTITUTE(A25,CHAR(13),""),FIND(CHAR(10),SUBSTITUTE(A25,CHAR(13),"")&CHAR(10))-1))))," ",""))))+1)),""))
A26: =IFERROR(INDEX(Pegar!$A$3:$A$1002,MATCH(22,Pegar!$B$3:$B$1002,0))&IF(LEFT(INDEX(Pegar!$A$3:$A$1003,MATCH(22,Pegar!$B$3:$B$1002,0)+1),5)="DESC=",CHAR(10)&INDEX(Pegar!$A$3:$A$1003,MATCH(22,Pegar!$B$3:$B$1002,0)+1),""),"") | B26: =IF(TRIM(A26)="","",IFERROR(MID(SUBSTITUTE(SUBSTITUTE(A26,CHAR(10)," "),CHAR(13)," "),FIND(" MT"," "&SUBSTITUTE(SUBSTITUTE(A26,CHAR(10)," "),CHAR(13)," ")),FIND(" ",SUBSTITUTE(SUBSTITUTE(A26,CHAR(10)," "),CHAR(13)," ")&" ",FIND(" MT"," "&SUBSTITUTE(SUBSTITUTE(A26,CHAR(10)," "),CHAR(13)," ")))-FIND(" MT"," "&SUBSTITUTE(SUBSTITUTE(A26,CHAR(10)," "),CHAR(13)," "))),"MT no encontrado")) | C26: =IF(TRIM(A26)="","",IF(D26="",FALSE(),SUBSTITUTE(SUBSTITUTE(SUBSTITUTE(D26,".",""),"0",""),"-","")<>"")) | D26: =IF(TRIM(A26)="","",IFERROR(MID((" "&LEFT(SUBSTITUTE(A26,CHAR(13),""),FIND(CHAR(10),SUBSTITUTE(A26,CHAR(13),"")&CHAR(10))-1)),(FIND("~",SUBSTITUTE(LEFT((" "&LEFT(SUBSTITUTE(A26,CHAR(13),""),FIND(CHAR(10),SUBSTITUTE(A26,CHAR(13),"")&CHAR(10))-1)),FIND(".",(" "&LEFT(SUBSTITUTE(A26,CHAR(13),""),FIND(CHAR(10),SUBSTITUTE(A26,CHAR(13),"")&CHAR(10))-1))))," ","~",LEN(LEFT((" "&LEFT(SUBSTITUTE(A26,CHAR(13),""),FIND(CHAR(10),SUBSTITUTE(A26,CHAR(13),"")&CHAR(10))-1)),FIND(".",(" "&LEFT(SUBSTITUTE(A26,CHAR(13),""),FIND(CHAR(10),SUBSTITUTE(A26,CHAR(13),"")&CHAR(10))-1)))))-LEN(SUBSTITUTE(LEFT((" "&LEFT(SUBSTITUTE(A26,CHAR(13),""),FIND(CHAR(10),SUBSTITUTE(A26,CHAR(13),"")&CHAR(10))-1)),FIND(".",(" "&LEFT(SUBSTITUTE(A26,CHAR(13),""),FIND(CHAR(10),SUBSTITUTE(A26,CHAR(13),"")&CHAR(10))-1))))," ",""))))+1),FIND(" ",(" "&LEFT(SUBSTITUTE(A26,CHAR(13),""),FIND(CHAR(10),SUBSTITUTE(A26,CHAR(13),"")&CHAR(10))-1))&" ",FIND(".",(" "&LEFT(SUBSTITUTE(A26,CHAR(13),""),FIND(CHAR(10),SUBSTITUTE(A26,CHAR(13),"")&CHAR(10))-1))))-(FIND("~",SUBSTITUTE(LEFT((" "&LEFT(SUBSTITUTE(A26,CHAR(13),""),FIND(CHAR(10),SUBSTITUTE(A26,CHAR(13),"")&CHAR(10))-1)),FIND(".",(" "&LEFT(SUBSTITUTE(A26,CHAR(13),""),FIND(CHAR(10),SUBSTITUTE(A26,CHAR(13),"")&CHAR(10))-1))))," ","~",LEN(LEFT((" "&LEFT(SUBSTITUTE(A26,CHAR(13),""),FIND(CHAR(10),SUBSTITUTE(A26,CHAR(13),"")&CHAR(10))-1)),FIND(".",(" "&LEFT(SUBSTITUTE(A26,CHAR(13),""),FIND(CHAR(10),SUBSTITUTE(A26,CHAR(13),"")&CHAR(10))-1)))))-LEN(SUBSTITUTE(LEFT((" "&LEFT(SUBSTITUTE(A26,CHAR(13),""),FIND(CHAR(10),SUBSTITUTE(A26,CHAR(13),"")&CHAR(10))-1)),FIND(".",(" "&LEFT(SUBSTITUTE(A26,CHAR(13),""),FIND(CHAR(10),SUBSTITUTE(A26,CHAR(13),"")&CHAR(10))-1))))," ",""))))+1)),""))
A27: =IFERROR(INDEX(Pegar!$A$3:$A$1002,MATCH(23,Pegar!$B$3:$B$1002,0))&IF(LEFT(INDEX(Pegar!$A$3:$A$1003,MATCH(23,Pegar!$B$3:$B$1002,0)+1),5)="DESC=",CHAR(10)&INDEX(Pegar!$A$3:$A$1003,MATCH(23,Pegar!$B$3:$B$1002,0)+1),""),"") | B27: =IF(TRIM(A27)="","",IFERROR(MID(SUBSTITUTE(SUBSTITUTE(A27,CHAR(10)," "),CHAR(13)," "),FIND(" MT"," "&SUBSTITUTE(SUBSTITUTE(A27,CHAR(10)," "),CHAR(13)," ")),FIND(" ",SUBSTITUTE(SUBSTITUTE(A27,CHAR(10)," "),CHAR(13)," ")&" ",FIND(" MT"," "&SUBSTITUTE(SUBSTITUTE(A27,CHAR(10)," "),CHAR(13)," ")))-FIND(" MT"," "&SUBSTITUTE(SUBSTITUTE(A27,CHAR(10)," "),CHAR(13)," "))),"MT no encontrado")) | C27: =IF(TRIM(A27)="","",IF(D27="",FALSE(),SUBSTITUTE(SUBSTITUTE(SUBSTITUTE(D27,".",""),"0",""),"-","")<>"")) | D27: =IF(TRIM(A27)="","",IFERROR(MID((" "&LEFT(SUBSTITUTE(A27,CHAR(13),""),FIND(CHAR(10),SUBSTITUTE(A27,CHAR(13),"")&CHAR(10))-1)),(FIND("~",SUBSTITUTE(LEFT((" "&LEFT(SUBSTITUTE(A27,CHAR(13),""),FIND(CHAR(10),SUBSTITUTE(A27,CHAR(13),"")&CHAR(10))-1)),FIND(".",(" "&LEFT(SUBSTITUTE(A27,CHAR(13),""),FIND(CHAR(10),SUBSTITUTE(A27,CHAR(13),"")&CHAR(10))-1))))," ","~",LEN(LEFT((" "&LEFT(SUBSTITUTE(A27,CHAR(13),""),FIND(CHAR(10),SUBSTITUTE(A27,CHAR(13),"")&CHAR(10))-1)),FIND(".",(" "&LEFT(SUBSTITUTE(A27,CHAR(13),""),FIND(CHAR(10),SUBSTITUTE(A27,CHAR(13),"")&CHAR(10))-1)))))-LEN(SUBSTITUTE(LEFT((" "&LEFT(SUBSTITUTE(A27,CHAR(13),""),FIND(CHAR(10),SUBSTITUTE(A27,CHAR(13),"")&CHAR(10))-1)),FIND(".",(" "&LEFT(SUBSTITUTE(A27,CHAR(13),""),FIND(CHAR(10),SUBSTITUTE(A27,CHAR(13),"")&CHAR(10))-1))))," ",""))))+1),FIND(" ",(" "&LEFT(SUBSTITUTE(A27,CHAR(13),""),FIND(CHAR(10),SUBSTITUTE(A27,CHAR(13),"")&CHAR(10))-1))&" ",FIND(".",(" "&LEFT(SUBSTITUTE(A27,CHAR(13),""),FIND(CHAR(10),SUBSTITUTE(A27,CHAR(13),"")&CHAR(10))-1))))-(FIND("~",SUBSTITUTE(LEFT((" "&LEFT(SUBSTITUTE(A27,CHAR(13),""),FIND(CHAR(10),SUBSTITUTE(A27,CHAR(13),"")&CHAR(10))-1)),FIND(".",(" "&LEFT(SUBSTITUTE(A27,CHAR(13),""),FIND(CHAR(10),SUBSTITUTE(A27,CHAR(13),"")&CHAR(10))-1))))," ","~",LEN(LEFT((" "&LEFT(SUBSTITUTE(A27,CHAR(13),""),FIND(CHAR(10),SUBSTITUTE(A27,CHAR(13),"")&CHAR(10))-1)),FIND(".",(" "&LEFT(SUBSTITUTE(A27,CHAR(13),""),FIND(CHAR(10),SUBSTITUTE(A27,CHAR(13),"")&CHAR(10))-1)))))-LEN(SUBSTITUTE(LEFT((" "&LEFT(SUBSTITUTE(A27,CHAR(13),""),FIND(CHAR(10),SUBSTITUTE(A27,CHAR(13),"")&CHAR(10))-1)),FIND(".",(" "&LEFT(SUBSTITUTE(A27,CHAR(13),""),FIND(CHAR(10),SUBSTITUTE(A27,CHAR(13),"")&CHAR(10))-1))))," ",""))))+1)),""))
A28: =IFERROR(INDEX(Pegar!$A$3:$A$1002,MATCH(24,Pegar!$B$3:$B$1002,0))&IF(LEFT(INDEX(Pegar!$A$3:$A$1003,MATCH(24,Pegar!$B$3:$B$1002,0)+1),5)="DESC=",CHAR(10)&INDEX(Pegar!$A$3:$A$1003,MATCH(24,Pegar!$B$3:$B$1002,0)+1),""),"") | B28: =IF(TRIM(A28)="","",IFERROR(MID(SUBSTITUTE(SUBSTITUTE(A28,CHAR(10)," "),CHAR(13)," "),FIND(" MT"," "&SUBSTITUTE(SUBSTITUTE(A28,CHAR(10)," "),CHAR(13)," ")),FIND(" ",SUBSTITUTE(SUBSTITUTE(A28,CHAR(10)," "),CHAR(13)," ")&" ",FIND(" MT"," "&SUBSTITUTE(SUBSTITUTE(A28,CHAR(10)," "),CHAR(13)," ")))-FIND(" MT"," "&SUBSTITUTE(SUBSTITUTE(A28,CHAR(10)," "),CHAR(13)," "))),"MT no encontrado")) | C28: =IF(TRIM(A28)="","",IF(D28="",FALSE(),SUBSTITUTE(SUBSTITUTE(SUBSTITUTE(D28,".",""),"0",""),"-","")<>"")) | D28: =IF(TRIM(A28)="","",IFERROR(MID((" "&LEFT(SUBSTITUTE(A28,CHAR(13),""),FIND(CHAR(10),SUBSTITUTE(A28,CHAR(13),"")&CHAR(10))-1)),(FIND("~",SUBSTITUTE(LEFT((" "&LEFT(SUBSTITUTE(A28,CHAR(13),""),FIND(CHAR(10),SUBSTITUTE(A28,CHAR(13),"")&CHAR(10))-1)),FIND(".",(" "&LEFT(SUBSTITUTE(A28,CHAR(13),""),FIND(CHAR(10),SUBSTITUTE(A28,CHAR(13),"")&CHAR(10))-1))))," ","~",LEN(LEFT((" "&LEFT(SUBSTITUTE(A28,CHAR(13),""),FIND(CHAR(10),SUBSTITUTE(A28,CHAR(13),"")&CHAR(10))-1)),FIND(".",(" "&LEFT(SUBSTITUTE(A28,CHAR(13),""),FIND(CHAR(10),SUBSTITUTE(A28,CHAR(13),"")&CHAR(10))-1)))))-LEN(SUBSTITUTE(LEFT((" "&LEFT(SUBSTITUTE(A28,CHAR(13),""),FIND(CHAR(10),SUBSTITUTE(A28,CHAR(13),"")&CHAR(10))-1)),FIND(".",(" "&LEFT(SUBSTITUTE(A28,CHAR(13),""),FIND(CHAR(10),SUBSTITUTE(A28,CHAR(13),"")&CHAR(10))-1))))," ",""))))+1),FIND(" ",(" "&LEFT(SUBSTITUTE(A28,CHAR(13),""),FIND(CHAR(10),SUBSTITUTE(A28,CHAR(13),"")&CHAR(10))-1))&" ",FIND(".",(" "&LEFT(SUBSTITUTE(A28,CHAR(13),""),FIND(CHAR(10),SUBSTITUTE(A28,CHAR(13),"")&CHAR(10))-1))))-(FIND("~",SUBSTITUTE(LEFT((" "&LEFT(SUBSTITUTE(A28,CHAR(13),""),FIND(CHAR(10),SUBSTITUTE(A28,CHAR(13),"")&CHAR(10))-1)),FIND(".",(" "&LEFT(SUBSTITUTE(A28,CHAR(13),""),FIND(CHAR(10),SUBSTITUTE(A28,CHAR(13),"")&CHAR(10))-1))))," ","~",LEN(LEFT((" "&LEFT(SUBSTITUTE(A28,CHAR(13),""),FIND(CHAR(10),SUBSTITUTE(A28,CHAR(13),"")&CHAR(10))-1)),FIND(".",(" "&LEFT(SUBSTITUTE(A28,CHAR(13),""),FIND(CHAR(10),SUBSTITUTE(A28,CHAR(13),"")&CHAR(10))-1)))))-LEN(SUBSTITUTE(LEFT((" "&LEFT(SUBSTITUTE(A28,CHAR(13),""),FIND(CHAR(10),SUBSTITUTE(A28,CHAR(13),"")&CHAR(10))-1)),FIND(".",(" "&LEFT(SUBSTITUTE(A28,CHAR(13),""),FIND(CHAR(10),SUBSTITUTE(A28,CHAR(13),"")&CHAR(10))-1))))," ",""))))+1)),""))
A29: =IFERROR(INDEX(Pegar!$A$3:$A$1002,MATCH(25,Pegar!$B$3:$B$1002,0))&IF(LEFT(INDEX(Pegar!$A$3:$A$1003,MATCH(25,Pegar!$B$3:$B$1002,0)+1),5)="DESC=",CHAR(10)&INDEX(Pegar!$A$3:$A$1003,MATCH(25,Pegar!$B$3:$B$1002,0)+1),""),"") | B29: =IF(TRIM(A29)="","",IFERROR(MID(SUBSTITUTE(SUBSTITUTE(A29,CHAR(10)," "),CHAR(13)," "),FIND(" MT"," "&SUBSTITUTE(SUBSTITUTE(A29,CHAR(10)," "),CHAR(13)," ")),FIND(" ",SUBSTITUTE(SUBSTITUTE(A29,CHAR(10)," "),CHAR(13)," ")&" ",FIND(" MT"," "&SUBSTITUTE(SUBSTITUTE(A29,CHAR(10)," "),CHAR(13)," ")))-FIND(" MT"," "&SUBSTITUTE(SUBSTITUTE(A29,CHAR(10)," "),CHAR(13)," "))),"MT no encontrado")) | C29: =IF(TRIM(A29)="","",IF(D29="",FALSE(),SUBSTITUTE(SUBSTITUTE(SUBSTITUTE(D29,".",""),"0",""),"-","")<>"")) | D29: =IF(TRIM(A29)="","",IFERROR(MID((" "&LEFT(SUBSTITUTE(A29,CHAR(13),""),FIND(CHAR(10),SUBSTITUTE(A29,CHAR(13),"")&CHAR(10))-1)),(FIND("~",SUBSTITUTE(LEFT((" "&LEFT(SUBSTITUTE(A29,CHAR(13),""),FIND(CHAR(10),SUBSTITUTE(A29,CHAR(13),"")&CHAR(10))-1)),FIND(".",(" "&LEFT(SUBSTITUTE(A29,CHAR(13),""),FIND(CHAR(10),SUBSTITUTE(A29,CHAR(13),"")&CHAR(10))-1))))," ","~",LEN(LEFT((" "&LEFT(SUBSTITUTE(A29,CHAR(13),""),FIND(CHAR(10),SUBSTITUTE(A29,CHAR(13),"")&CHAR(10))-1)),FIND(".",(" "&LEFT(SUBSTITUTE(A29,CHAR(13),""),FIND(CHAR(10),SUBSTITUTE(A29,CHAR(13),"")&CHAR(10))-1)))))-LEN(SUBSTITUTE(LEFT((" "&LEFT(SUBSTITUTE(A29,CHAR(13),""),FIND(CHAR(10),SUBSTITUTE(A29,CHAR(13),"")&CHAR(10))-1)),FIND(".",(" "&LEFT(SUBSTITUTE(A29,CHAR(13),""),FIND(CHAR(10),SUBSTITUTE(A29,CHAR(13),"")&CHAR(10))-1))))," ",""))))+1),FIND(" ",(" "&LEFT(SUBSTITUTE(A29,CHAR(13),""),FIND(CHAR(10),SUBSTITUTE(A29,CHAR(13),"")&CHAR(10))-1))&" ",FIND(".",(" "&LEFT(SUBSTITUTE(A29,CHAR(13),""),FIND(CHAR(10),SUBSTITUTE(A29,CHAR(13),"")&CHAR(10))-1))))-(FIND("~",SUBSTITUTE(LEFT((" "&LEFT(SUBSTITUTE(A29,CHAR(13),""),FIND(CHAR(10),SUBSTITUTE(A29,CHAR(13),"")&CHAR(10))-1)),FIND(".",(" "&LEFT(SUBSTITUTE(A29,CHAR(13),""),FIND(CHAR(10),SUBSTITUTE(A29,CHAR(13),"")&CHAR(10))-1))))," ","~",LEN(LEFT((" "&LEFT(SUBSTITUTE(A29,CHAR(13),""),FIND(CHAR(10),SUBSTITUTE(A29,CHAR(13),"")&CHAR(10))-1)),FIND(".",(" "&LEFT(SUBSTITUTE(A29,CHAR(13),""),FIND(CHAR(10),SUBSTITUTE(A29,CHAR(13),"")&CHAR(10))-1)))))-LEN(SUBSTITUTE(LEFT((" "&LEFT(SUBSTITUTE(A29,CHAR(13),""),FIND(CHAR(10),SUBSTITUTE(A29,CHAR(13),"")&CHAR(10))-1)),FIND(".",(" "&LEFT(SUBSTITUTE(A29,CHAR(13),""),FIND(CHAR(10),SUBSTITUTE(A29,CHAR(13),"")&CHAR(10))-1))))," ",""))))+1)),""))
A30: =IFERROR(INDEX(Pegar!$A$3:$A$1002,MATCH(26,Pegar!$B$3:$B$1002,0))&IF(LEFT(INDEX(Pegar!$A$3:$A$1003,MATCH(26,Pegar!$B$3:$B$1002,0)+1),5)="DESC=",CHAR(10)&INDEX(Pegar!$A$3:$A$1003,MATCH(26,Pegar!$B$3:$B$1002,0)+1),""),"") | B30: =IF(TRIM(A30)="","",IFERROR(MID(SUBSTITUTE(SUBSTITUTE(A30,CHAR(10)," "),CHAR(13)," "),FIND(" MT"," "&SUBSTITUTE(SUBSTITUTE(A30,CHAR(10)," "),CHAR(13)," ")),FIND(" ",SUBSTITUTE(SUBSTITUTE(A30,CHAR(10)," "),CHAR(13)," ")&" ",FIND(" MT"," "&SUBSTITUTE(SUBSTITUTE(A30,CHAR(10)," "),CHAR(13)," ")))-FIND(" MT"," "&SUBSTITUTE(SUBSTITUTE(A30,CHAR(10)," "),CHAR(13)," "))),"MT no encontrado")) | C30: =IF(TRIM(A30)="","",IF(D30="",FALSE(),SUBSTITUTE(SUBSTITUTE(SUBSTITUTE(D30,".",""),"0",""),"-","")<>"")) | D30: =IF(TRIM(A30)="","",IFERROR(MID((" "&LEFT(SUBSTITUTE(A30,CHAR(13),""),FIND(CHAR(10),SUBSTITUTE(A30,CHAR(13),"")&CHAR(10))-1)),(FIND("~",SUBSTITUTE(LEFT((" "&LEFT(SUBSTITUTE(A30,CHAR(13),""),FIND(CHAR(10),SUBSTITUTE(A30,CHAR(13),"")&CHAR(10))-1)),FIND(".",(" "&LEFT(SUBSTITUTE(A30,CHAR(13),""),FIND(CHAR(10),SUBSTITUTE(A30,CHAR(13),"")&CHAR(10))-1))))," ","~",LEN(LEFT((" "&LEFT(SUBSTITUTE(A30,CHAR(13),""),FIND(CHAR(10),SUBSTITUTE(A30,CHAR(13),"")&CHAR(10))-1)),FIND(".",(" "&LEFT(SUBSTITUTE(A30,CHAR(13),""),FIND(CHAR(10),SUBSTITUTE(A30,CHAR(13),"")&CHAR(10))-1)))))-LEN(SUBSTITUTE(LEFT((" "&LEFT(SUBSTITUTE(A30,CHAR(13),""),FIND(CHAR(10),SUBSTITUTE(A30,CHAR(13),"")&CHAR(10))-1)),FIND(".",(" "&LEFT(SUBSTITUTE(A30,CHAR(13),""),FIND(CHAR(10),SUBSTITUTE(A30,CHAR(13),"")&CHAR(10))-1))))," ",""))))+1),FIND(" ",(" "&LEFT(SUBSTITUTE(A30,CHAR(13),""),FIND(CHAR(10),SUBSTITUTE(A30,CHAR(13),"")&CHAR(10))-1))&" ",FIND(".",(" "&LEFT(SUBSTITUTE(A30,CHAR(13),""),FIND(CHAR(10),SUBSTITUTE(A30,CHAR(13),"")&CHAR(10))-1))))-(FIND("~",SUBSTITUTE(LEFT((" "&LEFT(SUBSTITUTE(A30,CHAR(13),""),FIND(CHAR(10),SUBSTITUTE(A30,CHAR(13),"")&CHAR(10))-1)),FIND(".",(" "&LEFT(SUBSTITUTE(A30,CHAR(13),""),FIND(CHAR(10),SUBSTITUTE(A30,CHAR(13),"")&CHAR(10))-1))))," ","~",LEN(LEFT((" "&LEFT(SUBSTITUTE(A30,CHAR(13),""),FIND(CHAR(10),SUBSTITUTE(A30,CHAR(13),"")&CHAR(10))-1)),FIND(".",(" "&LEFT(SUBSTITUTE(A30,CHAR(13),""),FIND(CHAR(10),SUBSTITUTE(A30,CHAR(13),"")&CHAR(10))-1)))))-LEN(SUBSTITUTE(LEFT((" "&LEFT(SUBSTITUTE(A30,CHAR(13),""),FIND(CHAR(10),SUBSTITUTE(A30,CHAR(13),"")&CHAR(10))-1)),FIND(".",(" "&LEFT(SUBSTITUTE(A30,CHAR(13),""),FIND(CHAR(10),SUBSTITUTE(A30,CHAR(13),"")&CHAR(10))-1))))," ",""))))+1)),""))
A31: =IFERROR(INDEX(Pegar!$A$3:$A$1002,MATCH(27,Pegar!$B$3:$B$1002,0))&IF(LEFT(INDEX(Pegar!$A$3:$A$1003,MATCH(27,Pegar!$B$3:$B$1002,0)+1),5)="DESC=",CHAR(10)&INDEX(Pegar!$A$3:$A$1003,MATCH(27,Pegar!$B$3:$B$1002,0)+1),""),"") | B31: =IF(TRIM(A31)="","",IFERROR(MID(SUBSTITUTE(SUBSTITUTE(A31,CHAR(10)," "),CHAR(13)," "),FIND(" MT"," "&SUBSTITUTE(SUBSTITUTE(A31,CHAR(10)," "),CHAR(13)," ")),FIND(" ",SUBSTITUTE(SUBSTITUTE(A31,CHAR(10)," "),CHAR(13)," ")&" ",FIND(" MT"," "&SUBSTITUTE(SUBSTITUTE(A31,CHAR(10)," "),CHAR(13)," ")))-FIND(" MT"," "&SUBSTITUTE(SUBSTITUTE(A31,CHAR(10)," "),CHAR(13)," "))),"MT no encontrado")) | C31: =IF(TRIM(A31)="","",IF(D31="",FALSE(),SUBSTITUTE(SUBSTITUTE(SUBSTITUTE(D31,".",""),"0",""),"-","")<>"")) | D31: =IF(TRIM(A31)="","",IFERROR(MID((" "&LEFT(SUBSTITUTE(A31,CHAR(13),""),FIND(CHAR(10),SUBSTITUTE(A31,CHAR(13),"")&CHAR(10))-1)),(FIND("~",SUBSTITUTE(LEFT((" "&LEFT(SUBSTITUTE(A31,CHAR(13),""),FIND(CHAR(10),SUBSTITUTE(A31,CHAR(13),"")&CHAR(10))-1)),FIND(".",(" "&LEFT(SUBSTITUTE(A31,CHAR(13),""),FIND(CHAR(10),SUBSTITUTE(A31,CHAR(13),"")&CHAR(10))-1))))," ","~",LEN(LEFT((" "&LEFT(SUBSTITUTE(A31,CHAR(13),""),FIND(CHAR(10),SUBSTITUTE(A31,CHAR(13),"")&CHAR(10))-1)),FIND(".",(" "&LEFT(SUBSTITUTE(A31,CHAR(13),""),FIND(CHAR(10),SUBSTITUTE(A31,CHAR(13),"")&CHAR(10))-1)))))-LEN(SUBSTITUTE(LEFT((" "&LEFT(SUBSTITUTE(A31,CHAR(13),""),FIND(CHAR(10),SUBSTITUTE(A31,CHAR(13),"")&CHAR(10))-1)),FIND(".",(" "&LEFT(SUBSTITUTE(A31,CHAR(13),""),FIND(CHAR(10),SUBSTITUTE(A31,CHAR(13),"")&CHAR(10))-1))))," ",""))))+1),FIND(" ",(" "&LEFT(SUBSTITUTE(A31,CHAR(13),""),FIND(CHAR(10),SUBSTITUTE(A31,CHAR(13),"")&CHAR(10))-1))&" ",FIND(".",(" "&LEFT(SUBSTITUTE(A31,CHAR(13),""),FIND(CHAR(10),SUBSTITUTE(A31,CHAR(13),"")&CHAR(10))-1))))-(FIND("~",SUBSTITUTE(LEFT((" "&LEFT(SUBSTITUTE(A31,CHAR(13),""),FIND(CHAR(10),SUBSTITUTE(A31,CHAR(13),"")&CHAR(10))-1)),FIND(".",(" "&LEFT(SUBSTITUTE(A31,CHAR(13),""),FIND(CHAR(10),SUBSTITUTE(A31,CHAR(13),"")&CHAR(10))-1))))," ","~",LEN(LEFT((" "&LEFT(SUBSTITUTE(A31,CHAR(13),""),FIND(CHAR(10),SUBSTITUTE(A31,CHAR(13),"")&CHAR(10))-1)),FIND(".",(" "&LEFT(SUBSTITUTE(A31,CHAR(13),""),FIND(CHAR(10),SUBSTITUTE(A31,CHAR(13),"")&CHAR(10))-1)))))-LEN(SUBSTITUTE(LEFT((" "&LEFT(SUBSTITUTE(A31,CHAR(13),""),FIND(CHAR(10),SUBSTITUTE(A31,CHAR(13),"")&CHAR(10))-1)),FIND(".",(" "&LEFT(SUBSTITUTE(A31,CHAR(13),""),FIND(CHAR(10),SUBSTITUTE(A31,CHAR(13),"")&CHAR(10))-1))))," ",""))))+1)),""))
A32: =IFERROR(INDEX(Pegar!$A$3:$A$1002,MATCH(28,Pegar!$B$3:$B$1002,0))&IF(LEFT(INDEX(Pegar!$A$3:$A$1003,MATCH(28,Pegar!$B$3:$B$1002,0)+1),5)="DESC=",CHAR(10)&INDEX(Pegar!$A$3:$A$1003,MATCH(28,Pegar!$B$3:$B$1002,0)+1),""),"") | B32: =IF(TRIM(A32)="","",IFERROR(MID(SUBSTITUTE(SUBSTITUTE(A32,CHAR(10)," "),CHAR(13)," "),FIND(" MT"," "&SUBSTITUTE(SUBSTITUTE(A32,CHAR(10)," "),CHAR(13)," ")),FIND(" ",SUBSTITUTE(SUBSTITUTE(A32,CHAR(10)," "),CHAR(13)," ")&" ",FIND(" MT"," "&SUBSTITUTE(SUBSTITUTE(A32,CHAR(10)," "),CHAR(13)," ")))-FIND(" MT"," "&SUBSTITUTE(SUBSTITUTE(A32,CHAR(10)," "),CHAR(13)," "))),"MT no encontrado")) | C32: =IF(TRIM(A32)="","",IF(D32="",FALSE(),SUBSTITUTE(SUBSTITUTE(SUBSTITUTE(D32,".",""),"0",""),"-","")<>"")) | D32: =IF(TRIM(A32)="","",IFERROR(MID((" "&LEFT(SUBSTITUTE(A32,CHAR(13),""),FIND(CHAR(10),SUBSTITUTE(A32,CHAR(13),"")&CHAR(10))-1)),(FIND("~",SUBSTITUTE(LEFT((" "&LEFT(SUBSTITUTE(A32,CHAR(13),""),FIND(CHAR(10),SUBSTITUTE(A32,CHAR(13),"")&CHAR(10))-1)),FIND(".",(" "&LEFT(SUBSTITUTE(A32,CHAR(13),""),FIND(CHAR(10),SUBSTITUTE(A32,CHAR(13),"")&CHAR(10))-1))))," ","~",LEN(LEFT((" "&LEFT(SUBSTITUTE(A32,CHAR(13),""),FIND(CHAR(10),SUBSTITUTE(A32,CHAR(13),"")&CHAR(10))-1)),FIND(".",(" "&LEFT(SUBSTITUTE(A32,CHAR(13),""),FIND(CHAR(10),SUBSTITUTE(A32,CHAR(13),"")&CHAR(10))-1)))))-LEN(SUBSTITUTE(LEFT((" "&LEFT(SUBSTITUTE(A32,CHAR(13),""),FIND(CHAR(10),SUBSTITUTE(A32,CHAR(13),"")&CHAR(10))-1)),FIND(".",(" "&LEFT(SUBSTITUTE(A32,CHAR(13),""),FIND(CHAR(10),SUBSTITUTE(A32,CHAR(13),"")&CHAR(10))-1))))," ",""))))+1),FIND(" ",(" "&LEFT(SUBSTITUTE(A32,CHAR(13),""),FIND(CHAR(10),SUBSTITUTE(A32,CHAR(13),"")&CHAR(10))-1))&" ",FIND(".",(" "&LEFT(SUBSTITUTE(A32,CHAR(13),""),FIND(CHAR(10),SUBSTITUTE(A32,CHAR(13),"")&CHAR(10))-1))))-(FIND("~",SUBSTITUTE(LEFT((" "&LEFT(SUBSTITUTE(A32,CHAR(13),""),FIND(CHAR(10),SUBSTITUTE(A32,CHAR(13),"")&CHAR(10))-1)),FIND(".",(" "&LEFT(SUBSTITUTE(A32,CHAR(13),""),FIND(CHAR(10),SUBSTITUTE(A32,CHAR(13),"")&CHAR(10))-1))))," ","~",LEN(LEFT((" "&LEFT(SUBSTITUTE(A32,CHAR(13),""),FIND(CHAR(10),SUBSTITUTE(A32,CHAR(13),"")&CHAR(10))-1)),FIND(".",(" "&LEFT(SUBSTITUTE(A32,CHAR(13),""),FIND(CHAR(10),SUBSTITUTE(A32,CHAR(13),"")&CHAR(10))-1)))))-LEN(SUBSTITUTE(LEFT((" "&LEFT(SUBSTITUTE(A32,CHAR(13),""),FIND(CHAR(10),SUBSTITUTE(A32,CHAR(13),"")&CHAR(10))-1)),FIND(".",(" "&LEFT(SUBSTITUTE(A32,CHAR(13),""),FIND(CHAR(10),SUBSTITUTE(A32,CHAR(13),"")&CHAR(10))-1))))," ",""))))+1)),""))
A33: =IFERROR(INDEX(Pegar!$A$3:$A$1002,MATCH(29,Pegar!$B$3:$B$1002,0))&IF(LEFT(INDEX(Pegar!$A$3:$A$1003,MATCH(29,Pegar!$B$3:$B$1002,0)+1),5)="DESC=",CHAR(10)&INDEX(Pegar!$A$3:$A$1003,MATCH(29,Pegar!$B$3:$B$1002,0)+1),""),"") | B33: =IF(TRIM(A33)="","",IFERROR(MID(SUBSTITUTE(SUBSTITUTE(A33,CHAR(10)," "),CHAR(13)," "),FIND(" MT"," "&SUBSTITUTE(SUBSTITUTE(A33,CHAR(10)," "),CHAR(13)," ")),FIND(" ",SUBSTITUTE(SUBSTITUTE(A33,CHAR(10)," "),CHAR(13)," ")&" ",FIND(" MT"," "&SUBSTITUTE(SUBSTITUTE(A33,CHAR(10)," "),CHAR(13)," ")))-FIND(" MT"," "&SUBSTITUTE(SUBSTITUTE(A33,CHAR(10)," "),CHAR(13)," "))),"MT no encontrado")) | C33: =IF(TRIM(A33)="","",IF(D33="",FALSE(),SUBSTITUTE(SUBSTITUTE(SUBSTITUTE(D33,".",""),"0",""),"-","")<>"")) | D33: =IF(TRIM(A33)="","",IFERROR(MID((" "&LEFT(SUBSTITUTE(A33,CHAR(13),""),FIND(CHAR(10),SUBSTITUTE(A33,CHAR(13),"")&CHAR(10))-1)),(FIND("~",SUBSTITUTE(LEFT((" "&LEFT(SUBSTITUTE(A33,CHAR(13),""),FIND(CHAR(10),SUBSTITUTE(A33,CHAR(13),"")&CHAR(10))-1)),FIND(".",(" "&LEFT(SUBSTITUTE(A33,CHAR(13),""),FIND(CHAR(10),SUBSTITUTE(A33,CHAR(13),"")&CHAR(10))-1))))," ","~",LEN(LEFT((" "&LEFT(SUBSTITUTE(A33,CHAR(13),""),FIND(CHAR(10),SUBSTITUTE(A33,CHAR(13),"")&CHAR(10))-1)),FIND(".",(" "&LEFT(SUBSTITUTE(A33,CHAR(13),""),FIND(CHAR(10),SUBSTITUTE(A33,CHAR(13),"")&CHAR(10))-1)))))-LEN(SUBSTITUTE(LEFT((" "&LEFT(SUBSTITUTE(A33,CHAR(13),""),FIND(CHAR(10),SUBSTITUTE(A33,CHAR(13),"")&CHAR(10))-1)),FIND(".",(" "&LEFT(SUBSTITUTE(A33,CHAR(13),""),FIND(CHAR(10),SUBSTITUTE(A33,CHAR(13),"")&CHAR(10))-1))))," ",""))))+1),FIND(" ",(" "&LEFT(SUBSTITUTE(A33,CHAR(13),""),FIND(CHAR(10),SUBSTITUTE(A33,CHAR(13),"")&CHAR(10))-1))&" ",FIND(".",(" "&LEFT(SUBSTITUTE(A33,CHAR(13),""),FIND(CHAR(10),SUBSTITUTE(A33,CHAR(13),"")&CHAR(10))-1))))-(FIND("~",SUBSTITUTE(LEFT((" "&LEFT(SUBSTITUTE(A33,CHAR(13),""),FIND(CHAR(10),SUBSTITUTE(A33,CHAR(13),"")&CHAR(10))-1)),FIND(".",(" "&LEFT(SUBSTITUTE(A33,CHAR(13),""),FIND(CHAR(10),SUBSTITUTE(A33,CHAR(13),"")&CHAR(10))-1))))," ","~",LEN(LEFT((" "&LEFT(SUBSTITUTE(A33,CHAR(13),""),FIND(CHAR(10),SUBSTITUTE(A33,CHAR(13),"")&CHAR(10))-1)),FIND(".",(" "&LEFT(SUBSTITUTE(A33,CHAR(13),""),FIND(CHAR(10),SUBSTITUTE(A33,CHAR(13),"")&CHAR(10))-1)))))-LEN(SUBSTITUTE(LEFT((" "&LEFT(SUBSTITUTE(A33,CHAR(13),""),FIND(CHAR(10),SUBSTITUTE(A33,CHAR(13),"")&CHAR(10))-1)),FIND(".",(" "&LEFT(SUBSTITUTE(A33,CHAR(13),""),FIND(CHAR(10),SUBSTITUTE(A33,CHAR(13),"")&CHAR(10))-1))))," ",""))))+1)),""))
A34: =IFERROR(INDEX(Pegar!$A$3:$A$1002,MATCH(30,Pegar!$B$3:$B$1002,0))&IF(LEFT(INDEX(Pegar!$A$3:$A$1003,MATCH(30,Pegar!$B$3:$B$1002,0)+1),5)="DESC=",CHAR(10)&INDEX(Pegar!$A$3:$A$1003,MATCH(30,Pegar!$B$3:$B$1002,0)+1),""),"") | B34: =IF(TRIM(A34)="","",IFERROR(MID(SUBSTITUTE(SUBSTITUTE(A34,CHAR(10)," "),CHAR(13)," "),FIND(" MT"," "&SUBSTITUTE(SUBSTITUTE(A34,CHAR(10)," "),CHAR(13)," ")),FIND(" ",SUBSTITUTE(SUBSTITUTE(A34,CHAR(10)," "),CHAR(13)," ")&" ",FIND(" MT"," "&SUBSTITUTE(SUBSTITUTE(A34,CHAR(10)," "),CHAR(13)," ")))-FIND(" MT"," "&SUBSTITUTE(SUBSTITUTE(A34,CHAR(10)," "),CHAR(13)," "))),"MT no encontrado")) | C34: =IF(TRIM(A34)="","",IF(D34="",FALSE(),SUBSTITUTE(SUBSTITUTE(SUBSTITUTE(D34,".",""),"0",""),"-","")<>"")) | D34: =IF(TRIM(A34)="","",IFERROR(MID((" "&LEFT(SUBSTITUTE(A34,CHAR(13),""),FIND(CHAR(10),SUBSTITUTE(A34,CHAR(13),"")&CHAR(10))-1)),(FIND("~",SUBSTITUTE(LEFT((" "&LEFT(SUBSTITUTE(A34,CHAR(13),""),FIND(CHAR(10),SUBSTITUTE(A34,CHAR(13),"")&CHAR(10))-1)),FIND(".",(" "&LEFT(SUBSTITUTE(A34,CHAR(13),""),FIND(CHAR(10),SUBSTITUTE(A34,CHAR(13),"")&CHAR(10))-1))))," ","~",LEN(LEFT((" "&LEFT(SUBSTITUTE(A34,CHAR(13),""),FIND(CHAR(10),SUBSTITUTE(A34,CHAR(13),"")&CHAR(10))-1)),FIND(".",(" "&LEFT(SUBSTITUTE(A34,CHAR(13),""),FIND(CHAR(10),SUBSTITUTE(A34,CHAR(13),"")&CHAR(10))-1)))))-LEN(SUBSTITUTE(LEFT((" "&LEFT(SUBSTITUTE(A34,CHAR(13),""),FIND(CHAR(10),SUBSTITUTE(A34,CHAR(13),"")&CHAR(10))-1)),FIND(".",(" "&LEFT(SUBSTITUTE(A34,CHAR(13),""),FIND(CHAR(10),SUBSTITUTE(A34,CHAR(13),"")&CHAR(10))-1))))," ",""))))+1),FIND(" ",(" "&LEFT(SUBSTITUTE(A34,CHAR(13),""),FIND(CHAR(10),SUBSTITUTE(A34,CHAR(13),"")&CHAR(10))-1))&" ",FIND(".",(" "&LEFT(SUBSTITUTE(A34,CHAR(13),""),FIND(CHAR(10),SUBSTITUTE(A34,CHAR(13),"")&CHAR(10))-1))))-(FIND("~",SUBSTITUTE(LEFT((" "&LEFT(SUBSTITUTE(A34,CHAR(13),""),FIND(CHAR(10),SUBSTITUTE(A34,CHAR(13),"")&CHAR(10))-1)),FIND(".",(" "&LEFT(SUBSTITUTE(A34,CHAR(13),""),FIND(CHAR(10),SUBSTITUTE(A34,CHAR(13),"")&CHAR(10))-1))))," ","~",LEN(LEFT((" "&LEFT(SUBSTITUTE(A34,CHAR(13),""),FIND(CHAR(10),SUBSTITUTE(A34,CHAR(13),"")&CHAR(10))-1)),FIND(".",(" "&LEFT(SUBSTITUTE(A34,CHAR(13),""),FIND(CHAR(10),SUBSTITUTE(A34,CHAR(13),"")&CHAR(10))-1)))))-LEN(SUBSTITUTE(LEFT((" "&LEFT(SUBSTITUTE(A34,CHAR(13),""),FIND(CHAR(10),SUBSTITUTE(A34,CHAR(13),"")&CHAR(10))-1)),FIND(".",(" "&LEFT(SUBSTITUTE(A34,CHAR(13),""),FIND(CHAR(10),SUBSTITUTE(A34,CHAR(13),"")&CHAR(10))-1))))," ",""))))+1)),""))
A35: =IFERROR(INDEX(Pegar!$A$3:$A$1002,MATCH(31,Pegar!$B$3:$B$1002,0))&IF(LEFT(INDEX(Pegar!$A$3:$A$1003,MATCH(31,Pegar!$B$3:$B$1002,0)+1),5)="DESC=",CHAR(10)&INDEX(Pegar!$A$3:$A$1003,MATCH(31,Pegar!$B$3:$B$1002,0)+1),""),"") | B35: =IF(TRIM(A35)="","",IFERROR(MID(SUBSTITUTE(SUBSTITUTE(A35,CHAR(10)," "),CHAR(13)," "),FIND(" MT"," "&SUBSTITUTE(SUBSTITUTE(A35,CHAR(10)," "),CHAR(13)," ")),FIND(" ",SUBSTITUTE(SUBSTITUTE(A35,CHAR(10)," "),CHAR(13)," ")&" ",FIND(" MT"," "&SUBSTITUTE(SUBSTITUTE(A35,CHAR(10)," "),CHAR(13)," ")))-FIND(" MT"," "&SUBSTITUTE(SUBSTITUTE(A35,CHAR(10)," "),CHAR(13)," "))),"MT no encontrado")) | C35: =IF(TRIM(A35)="","",IF(D35="",FALSE(),SUBSTITUTE(SUBSTITUTE(SUBSTITUTE(D35,".",""),"0",""),"-","")<>"")) | D35: =IF(TRIM(A35)="","",IFERROR(MID((" "&LEFT(SUBSTITUTE(A35,CHAR(13),""),FIND(CHAR(10),SUBSTITUTE(A35,CHAR(13),"")&CHAR(10))-1)),(FIND("~",SUBSTITUTE(LEFT((" "&LEFT(SUBSTITUTE(A35,CHAR(13),""),FIND(CHAR(10),SUBSTITUTE(A35,CHAR(13),"")&CHAR(10))-1)),FIND(".",(" "&LEFT(SUBSTITUTE(A35,CHAR(13),""),FIND(CHAR(10),SUBSTITUTE(A35,CHAR(13),"")&CHAR(10))-1))))," ","~",LEN(LEFT((" "&LEFT(SUBSTITUTE(A35,CHAR(13),""),FIND(CHAR(10),SUBSTITUTE(A35,CHAR(13),"")&CHAR(10))-1)),FIND(".",(" "&LEFT(SUBSTITUTE(A35,CHAR(13),""),FIND(CHAR(10),SUBSTITUTE(A35,CHAR(13),"")&CHAR(10))-1)))))-LEN(SUBSTITUTE(LEFT((" "&LEFT(SUBSTITUTE(A35,CHAR(13),""),FIND(CHAR(10),SUBSTITUTE(A35,CHAR(13),"")&CHAR(10))-1)),FIND(".",(" "&LEFT(SUBSTITUTE(A35,CHAR(13),""),FIND(CHAR(10),SUBSTITUTE(A35,CHAR(13),"")&CHAR(10))-1))))," ",""))))+1),FIND(" ",(" "&LEFT(SUBSTITUTE(A35,CHAR(13),""),FIND(CHAR(10),SUBSTITUTE(A35,CHAR(13),"")&CHAR(10))-1))&" ",FIND(".",(" "&LEFT(SUBSTITUTE(A35,CHAR(13),""),FIND(CHAR(10),SUBSTITUTE(A35,CHAR(13),"")&CHAR(10))-1))))-(FIND("~",SUBSTITUTE(LEFT((" "&LEFT(SUBSTITUTE(A35,CHAR(13),""),FIND(CHAR(10),SUBSTITUTE(A35,CHAR(13),"")&CHAR(10))-1)),FIND(".",(" "&LEFT(SUBSTITUTE(A35,CHAR(13),""),FIND(CHAR(10),SUBSTITUTE(A35,CHAR(13),"")&CHAR(10))-1))))," ","~",LEN(LEFT((" "&LEFT(SUBSTITUTE(A35,CHAR(13),""),FIND(CHAR(10),SUBSTITUTE(A35,CHAR(13),"")&CHAR(10))-1)),FIND(".",(" "&LEFT(SUBSTITUTE(A35,CHAR(13),""),FIND(CHAR(10),SUBSTITUTE(A35,CHAR(13),"")&CHAR(10))-1)))))-LEN(SUBSTITUTE(LEFT((" "&LEFT(SUBSTITUTE(A35,CHAR(13),""),FIND(CHAR(10),SUBSTITUTE(A35,CHAR(13),"")&CHAR(10))-1)),FIND(".",(" "&LEFT(SUBSTITUTE(A35,CHAR(13),""),FIND(CHAR(10),SUBSTITUTE(A35,CHAR(13),"")&CHAR(10))-1))))," ",""))))+1)),""))
A36: =IFERROR(INDEX(Pegar!$A$3:$A$1002,MATCH(32,Pegar!$B$3:$B$1002,0))&IF(LEFT(INDEX(Pegar!$A$3:$A$1003,MATCH(32,Pegar!$B$3:$B$1002,0)+1),5)="DESC=",CHAR(10)&INDEX(Pegar!$A$3:$A$1003,MATCH(32,Pegar!$B$3:$B$1002,0)+1),""),"") | B36: =IF(TRIM(A36)="","",IFERROR(MID(SUBSTITUTE(SUBSTITUTE(A36,CHAR(10)," "),CHAR(13)," "),FIND(" MT"," "&SUBSTITUTE(SUBSTITUTE(A36,CHAR(10)," "),CHAR(13)," ")),FIND(" ",SUBSTITUTE(SUBSTITUTE(A36,CHAR(10)," "),CHAR(13)," ")&" ",FIND(" MT"," "&SUBSTITUTE(SUBSTITUTE(A36,CHAR(10)," "),CHAR(13)," ")))-FIND(" MT"," "&SUBSTITUTE(SUBSTITUTE(A36,CHAR(10)," "),CHAR(13)," "))),"MT no encontrado")) | C36: =IF(TRIM(A36)="","",IF(D36="",FALSE(),SUBSTITUTE(SUBSTITUTE(SUBSTITUTE(D36,".",""),"0",""),"-","")<>"")) | D36: =IF(TRIM(A36)="","",IFERROR(MID((" "&LEFT(SUBSTITUTE(A36,CHAR(13),""),FIND(CHAR(10),SUBSTITUTE(A36,CHAR(13),"")&CHAR(10))-1)),(FIND("~",SUBSTITUTE(LEFT((" "&LEFT(SUBSTITUTE(A36,CHAR(13),""),FIND(CHAR(10),SUBSTITUTE(A36,CHAR(13),"")&CHAR(10))-1)),FIND(".",(" "&LEFT(SUBSTITUTE(A36,CHAR(13),""),FIND(CHAR(10),SUBSTITUTE(A36,CHAR(13),"")&CHAR(10))-1))))," ","~",LEN(LEFT((" "&LEFT(SUBSTITUTE(A36,CHAR(13),""),FIND(CHAR(10),SUBSTITUTE(A36,CHAR(13),"")&CHAR(10))-1)),FIND(".",(" "&LEFT(SUBSTITUTE(A36,CHAR(13),""),FIND(CHAR(10),SUBSTITUTE(A36,CHAR(13),"")&CHAR(10))-1)))))-LEN(SUBSTITUTE(LEFT((" "&LEFT(SUBSTITUTE(A36,CHAR(13),""),FIND(CHAR(10),SUBSTITUTE(A36,CHAR(13),"")&CHAR(10))-1)),FIND(".",(" "&LEFT(SUBSTITUTE(A36,CHAR(13),""),FIND(CHAR(10),SUBSTITUTE(A36,CHAR(13),"")&CHAR(10))-1))))," ",""))))+1),FIND(" ",(" "&LEFT(SUBSTITUTE(A36,CHAR(13),""),FIND(CHAR(10),SUBSTITUTE(A36,CHAR(13),"")&CHAR(10))-1))&" ",FIND(".",(" "&LEFT(SUBSTITUTE(A36,CHAR(13),""),FIND(CHAR(10),SUBSTITUTE(A36,CHAR(13),"")&CHAR(10))-1))))-(FIND("~",SUBSTITUTE(LEFT((" "&LEFT(SUBSTITUTE(A36,CHAR(13),""),FIND(CHAR(10),SUBSTITUTE(A36,CHAR(13),"")&CHAR(10))-1)),FIND(".",(" "&LEFT(SUBSTITUTE(A36,CHAR(13),""),FIND(CHAR(10),SUBSTITUTE(A36,CHAR(13),"")&CHAR(10))-1))))," ","~",LEN(LEFT((" "&LEFT(SUBSTITUTE(A36,CHAR(13),""),FIND(CHAR(10),SUBSTITUTE(A36,CHAR(13),"")&CHAR(10))-1)),FIND(".",(" "&LEFT(SUBSTITUTE(A36,CHAR(13),""),FIND(CHAR(10),SUBSTITUTE(A36,CHAR(13),"")&CHAR(10))-1)))))-LEN(SUBSTITUTE(LEFT((" "&LEFT(SUBSTITUTE(A36,CHAR(13),""),FIND(CHAR(10),SUBSTITUTE(A36,CHAR(13),"")&CHAR(10))-1)),FIND(".",(" "&LEFT(SUBSTITUTE(A36,CHAR(13),""),FIND(CHAR(10),SUBSTITUTE(A36,CHAR(13),"")&CHAR(10))-1))))," ",""))))+1)),""))
A37: =IFERROR(INDEX(Pegar!$A$3:$A$1002,MATCH(33,Pegar!$B$3:$B$1002,0))&IF(LEFT(INDEX(Pegar!$A$3:$A$1003,MATCH(33,Pegar!$B$3:$B$1002,0)+1),5)="DESC=",CHAR(10)&INDEX(Pegar!$A$3:$A$1003,MATCH(33,Pegar!$B$3:$B$1002,0)+1),""),"") | B37: =IF(TRIM(A37)="","",IFERROR(MID(SUBSTITUTE(SUBSTITUTE(A37,CHAR(10)," "),CHAR(13)," "),FIND(" MT"," "&SUBSTITUTE(SUBSTITUTE(A37,CHAR(10)," "),CHAR(13)," ")),FIND(" ",SUBSTITUTE(SUBSTITUTE(A37,CHAR(10)," "),CHAR(13)," ")&" ",FIND(" MT"," "&SUBSTITUTE(SUBSTITUTE(A37,CHAR(10)," "),CHAR(13)," ")))-FIND(" MT"," "&SUBSTITUTE(SUBSTITUTE(A37,CHAR(10)," "),CHAR(13)," "))),"MT no encontrado")) | C37: =IF(TRIM(A37)="","",IF(D37="",FALSE(),SUBSTITUTE(SUBSTITUTE(SUBSTITUTE(D37,".",""),"0",""),"-","")<>"")) | D37: =IF(TRIM(A37)="","",IFERROR(MID((" "&LEFT(SUBSTITUTE(A37,CHAR(13),""),FIND(CHAR(10),SUBSTITUTE(A37,CHAR(13),"")&CHAR(10))-1)),(FIND("~",SUBSTITUTE(LEFT((" "&LEFT(SUBSTITUTE(A37,CHAR(13),""),FIND(CHAR(10),SUBSTITUTE(A37,CHAR(13),"")&CHAR(10))-1)),FIND(".",(" "&LEFT(SUBSTITUTE(A37,CHAR(13),""),FIND(CHAR(10),SUBSTITUTE(A37,CHAR(13),"")&CHAR(10))-1))))," ","~",LEN(LEFT((" "&LEFT(SUBSTITUTE(A37,CHAR(13),""),FIND(CHAR(10),SUBSTITUTE(A37,CHAR(13),"")&CHAR(10))-1)),FIND(".",(" "&LEFT(SUBSTITUTE(A37,CHAR(13),""),FIND(CHAR(10),SUBSTITUTE(A37,CHAR(13),"")&CHAR(10))-1)))))-LEN(SUBSTITUTE(LEFT((" "&LEFT(SUBSTITUTE(A37,CHAR(13),""),FIND(CHAR(10),SUBSTITUTE(A37,CHAR(13),"")&CHAR(10))-1)),FIND(".",(" "&LEFT(SUBSTITUTE(A37,CHAR(13),""),FIND(CHAR(10),SUBSTITUTE(A37,CHAR(13),"")&CHAR(10))-1))))," ",""))))+1),FIND(" ",(" "&LEFT(SUBSTITUTE(A37,CHAR(13),""),FIND(CHAR(10),SUBSTITUTE(A37,CHAR(13),"")&CHAR(10))-1))&" ",FIND(".",(" "&LEFT(SUBSTITUTE(A37,CHAR(13),""),FIND(CHAR(10),SUBSTITUTE(A37,CHAR(13),"")&CHAR(10))-1))))-(FIND("~",SUBSTITUTE(LEFT((" "&LEFT(SUBSTITUTE(A37,CHAR(13),""),FIND(CHAR(10),SUBSTITUTE(A37,CHAR(13),"")&CHAR(10))-1)),FIND(".",(" "&LEFT(SUBSTITUTE(A37,CHAR(13),""),FIND(CHAR(10),SUBSTITUTE(A37,CHAR(13),"")&CHAR(10))-1))))," ","~",LEN(LEFT((" "&LEFT(SUBSTITUTE(A37,CHAR(13),""),FIND(CHAR(10),SUBSTITUTE(A37,CHAR(13),"")&CHAR(10))-1)),FIND(".",(" "&LEFT(SUBSTITUTE(A37,CHAR(13),""),FIND(CHAR(10),SUBSTITUTE(A37,CHAR(13),"")&CHAR(10))-1)))))-LEN(SUBSTITUTE(LEFT((" "&LEFT(SUBSTITUTE(A37,CHAR(13),""),FIND(CHAR(10),SUBSTITUTE(A37,CHAR(13),"")&CHAR(10))-1)),FIND(".",(" "&LEFT(SUBSTITUTE(A37,CHAR(13),""),FIND(CHAR(10),SUBSTITUTE(A37,CHAR(13),"")&CHAR(10))-1))))," ",""))))+1)),""))
A38: =IFERROR(INDEX(Pegar!$A$3:$A$1002,MATCH(34,Pegar!$B$3:$B$1002,0))&IF(LEFT(INDEX(Pegar!$A$3:$A$1003,MATCH(34,Pegar!$B$3:$B$1002,0)+1),5)="DESC=",CHAR(10)&INDEX(Pegar!$A$3:$A$1003,MATCH(34,Pegar!$B$3:$B$1002,0)+1),""),"") | B38: =IF(TRIM(A38)="","",IFERROR(MID(SUBSTITUTE(SUBSTITUTE(A38,CHAR(10)," "),CHAR(13)," "),FIND(" MT"," "&SUBSTITUTE(SUBSTITUTE(A38,CHAR(10)," "),CHAR(13)," ")),FIND(" ",SUBSTITUTE(SUBSTITUTE(A38,CHAR(10)," "),CHAR(13)," ")&" ",FIND(" MT"," "&SUBSTITUTE(SUBSTITUTE(A38,CHAR(10)," "),CHAR(13)," ")))-FIND(" MT"," "&SUBSTITUTE(SUBSTITUTE(A38,CHAR(10)," "),CHAR(13)," "))),"MT no encontrado")) | C38: =IF(TRIM(A38)="","",IF(D38="",FALSE(),SUBSTITUTE(SUBSTITUTE(SUBSTITUTE(D38,".",""),"0",""),"-","")<>"")) | D38: =IF(TRIM(A38)="","",IFERROR(MID((" "&LEFT(SUBSTITUTE(A38,CHAR(13),""),FIND(CHAR(10),SUBSTITUTE(A38,CHAR(13),"")&CHAR(10))-1)),(FIND("~",SUBSTITUTE(LEFT((" "&LEFT(SUBSTITUTE(A38,CHAR(13),""),FIND(CHAR(10),SUBSTITUTE(A38,CHAR(13),"")&CHAR(10))-1)),FIND(".",(" "&LEFT(SUBSTITUTE(A38,CHAR(13),""),FIND(CHAR(10),SUBSTITUTE(A38,CHAR(13),"")&CHAR(10))-1))))," ","~",LEN(LEFT((" "&LEFT(SUBSTITUTE(A38,CHAR(13),""),FIND(CHAR(10),SUBSTITUTE(A38,CHAR(13),"")&CHAR(10))-1)),FIND(".",(" "&LEFT(SUBSTITUTE(A38,CHAR(13),""),FIND(CHAR(10),SUBSTITUTE(A38,CHAR(13),"")&CHAR(10))-1)))))-LEN(SUBSTITUTE(LEFT((" "&LEFT(SUBSTITUTE(A38,CHAR(13),""),FIND(CHAR(10),SUBSTITUTE(A38,CHAR(13),"")&CHAR(10))-1)),FIND(".",(" "&LEFT(SUBSTITUTE(A38,CHAR(13),""),FIND(CHAR(10),SUBSTITUTE(A38,CHAR(13),"")&CHAR(10))-1))))," ",""))))+1),FIND(" ",(" "&LEFT(SUBSTITUTE(A38,CHAR(13),""),FIND(CHAR(10),SUBSTITUTE(A38,CHAR(13),"")&CHAR(10))-1))&" ",FIND(".",(" "&LEFT(SUBSTITUTE(A38,CHAR(13),""),FIND(CHAR(10),SUBSTITUTE(A38,CHAR(13),"")&CHAR(10))-1))))-(FIND("~",SUBSTITUTE(LEFT((" "&LEFT(SUBSTITUTE(A38,CHAR(13),""),FIND(CHAR(10),SUBSTITUTE(A38,CHAR(13),"")&CHAR(10))-1)),FIND(".",(" "&LEFT(SUBSTITUTE(A38,CHAR(13),""),FIND(CHAR(10),SUBSTITUTE(A38,CHAR(13),"")&CHAR(10))-1))))," ","~",LEN(LEFT((" "&LEFT(SUBSTITUTE(A38,CHAR(13),""),FIND(CHAR(10),SUBSTITUTE(A38,CHAR(13),"")&CHAR(10))-1)),FIND(".",(" "&LEFT(SUBSTITUTE(A38,CHAR(13),""),FIND(CHAR(10),SUBSTITUTE(A38,CHAR(13),"")&CHAR(10))-1)))))-LEN(SUBSTITUTE(LEFT((" "&LEFT(SUBSTITUTE(A38,CHAR(13),""),FIND(CHAR(10),SUBSTITUTE(A38,CHAR(13),"")&CHAR(10))-1)),FIND(".",(" "&LEFT(SUBSTITUTE(A38,CHAR(13),""),FIND(CHAR(10),SUBSTITUTE(A38,CHAR(13),"")&CHAR(10))-1))))," ",""))))+1)),""))
A39: =IFERROR(INDEX(Pegar!$A$3:$A$1002,MATCH(35,Pegar!$B$3:$B$1002,0))&IF(LEFT(INDEX(Pegar!$A$3:$A$1003,MATCH(35,Pegar!$B$3:$B$1002,0)+1),5)="DESC=",CHAR(10)&INDEX(Pegar!$A$3:$A$1003,MATCH(35,Pegar!$B$3:$B$1002,0)+1),""),"") | B39: =IF(TRIM(A39)="","",IFERROR(MID(SUBSTITUTE(SUBSTITUTE(A39,CHAR(10)," "),CHAR(13)," "),FIND(" MT"," "&SUBSTITUTE(SUBSTITUTE(A39,CHAR(10)," "),CHAR(13)," ")),FIND(" ",SUBSTITUTE(SUBSTITUTE(A39,CHAR(10)," "),CHAR(13)," ")&" ",FIND(" MT"," "&SUBSTITUTE(SUBSTITUTE(A39,CHAR(10)," "),CHAR(13)," ")))-FIND(" MT"," "&SUBSTITUTE(SUBSTITUTE(A39,CHAR(10)," "),CHAR(13)," "))),"MT no encontrado")) | C39: =IF(TRIM(A39)="","",IF(D39="",FALSE(),SUBSTITUTE(SUBSTITUTE(SUBSTITUTE(D39,".",""),"0",""),"-","")<>"")) | D39: =IF(TRIM(A39)="","",IFERROR(MID((" "&LEFT(SUBSTITUTE(A39,CHAR(13),""),FIND(CHAR(10),SUBSTITUTE(A39,CHAR(13),"")&CHAR(10))-1)),(FIND("~",SUBSTITUTE(LEFT((" "&LEFT(SUBSTITUTE(A39,CHAR(13),""),FIND(CHAR(10),SUBSTITUTE(A39,CHAR(13),"")&CHAR(10))-1)),FIND(".",(" "&LEFT(SUBSTITUTE(A39,CHAR(13),""),FIND(CHAR(10),SUBSTITUTE(A39,CHAR(13),"")&CHAR(10))-1))))," ","~",LEN(LEFT((" "&LEFT(SUBSTITUTE(A39,CHAR(13),""),FIND(CHAR(10),SUBSTITUTE(A39,CHAR(13),"")&CHAR(10))-1)),FIND(".",(" "&LEFT(SUBSTITUTE(A39,CHAR(13),""),FIND(CHAR(10),SUBSTITUTE(A39,CHAR(13),"")&CHAR(10))-1)))))-LEN(SUBSTITUTE(LEFT((" "&LEFT(SUBSTITUTE(A39,CHAR(13),""),FIND(CHAR(10),SUBSTITUTE(A39,CHAR(13),"")&CHAR(10))-1)),FIND(".",(" "&LEFT(SUBSTITUTE(A39,CHAR(13),""),FIND(CHAR(10),SUBSTITUTE(A39,CHAR(13),"")&CHAR(10))-1))))," ",""))))+1),FIND(" ",(" "&LEFT(SUBSTITUTE(A39,CHAR(13),""),FIND(CHAR(10),SUBSTITUTE(A39,CHAR(13),"")&CHAR(10))-1))&" ",FIND(".",(" "&LEFT(SUBSTITUTE(A39,CHAR(13),""),FIND(CHAR(10),SUBSTITUTE(A39,CHAR(13),"")&CHAR(10))-1))))-(FIND("~",SUBSTITUTE(LEFT((" "&LEFT(SUBSTITUTE(A39,CHAR(13),""),FIND(CHAR(10),SUBSTITUTE(A39,CHAR(13),"")&CHAR(10))-1)),FIND(".",(" "&LEFT(SUBSTITUTE(A39,CHAR(13),""),FIND(CHAR(10),SUBSTITUTE(A39,CHAR(13),"")&CHAR(10))-1))))," ","~",LEN(LEFT((" "&LEFT(SUBSTITUTE(A39,CHAR(13),""),FIND(CHAR(10),SUBSTITUTE(A39,CHAR(13),"")&CHAR(10))-1)),FIND(".",(" "&LEFT(SUBSTITUTE(A39,CHAR(13),""),FIND(CHAR(10),SUBSTITUTE(A39,CHAR(13),"")&CHAR(10))-1)))))-LEN(SUBSTITUTE(LEFT((" "&LEFT(SUBSTITUTE(A39,CHAR(13),""),FIND(CHAR(10),SUBSTITUTE(A39,CHAR(13),"")&CHAR(10))-1)),FIND(".",(" "&LEFT(SUBSTITUTE(A39,CHAR(13),""),FIND(CHAR(10),SUBSTITUTE(A39,CHAR(13),"")&CHAR(10))-1))))," ",""))))+1)),""))
A40: =IFERROR(INDEX(Pegar!$A$3:$A$1002,MATCH(36,Pegar!$B$3:$B$1002,0))&IF(LEFT(INDEX(Pegar!$A$3:$A$1003,MATCH(36,Pegar!$B$3:$B$1002,0)+1),5)="DESC=",CHAR(10)&INDEX(Pegar!$A$3:$A$1003,MATCH(36,Pegar!$B$3:$B$1002,0)+1),""),"") | B40: =IF(TRIM(A40)="","",IFERROR(MID(SUBSTITUTE(SUBSTITUTE(A40,CHAR(10)," "),CHAR(13)," "),FIND(" MT"," "&SUBSTITUTE(SUBSTITUTE(A40,CHAR(10)," "),CHAR(13)," ")),FIND(" ",SUBSTITUTE(SUBSTITUTE(A40,CHAR(10)," "),CHAR(13)," ")&" ",FIND(" MT"," "&SUBSTITUTE(SUBSTITUTE(A40,CHAR(10)," "),CHAR(13)," ")))-FIND(" MT"," "&SUBSTITUTE(SUBSTITUTE(A40,CHAR(10)," "),CHAR(13)," "))),"MT no encontrado")) | C40: =IF(TRIM(A40)="","",IF(D40="",FALSE(),SUBSTITUTE(SUBSTITUTE(SUBSTITUTE(D40,".",""),"0",""),"-","")<>"")) | D40: =IF(TRIM(A40)="","",IFERROR(MID((" "&LEFT(SUBSTITUTE(A40,CHAR(13),""),FIND(CHAR(10),SUBSTITUTE(A40,CHAR(13),"")&CHAR(10))-1)),(FIND("~",SUBSTITUTE(LEFT((" "&LEFT(SUBSTITUTE(A40,CHAR(13),""),FIND(CHAR(10),SUBSTITUTE(A40,CHAR(13),"")&CHAR(10))-1)),FIND(".",(" "&LEFT(SUBSTITUTE(A40,CHAR(13),""),FIND(CHAR(10),SUBSTITUTE(A40,CHAR(13),"")&CHAR(10))-1))))," ","~",LEN(LEFT((" "&LEFT(SUBSTITUTE(A40,CHAR(13),""),FIND(CHAR(10),SUBSTITUTE(A40,CHAR(13),"")&CHAR(10))-1)),FIND(".",(" "&LEFT(SUBSTITUTE(A40,CHAR(13),""),FIND(CHAR(10),SUBSTITUTE(A40,CHAR(13),"")&CHAR(10))-1)))))-LEN(SUBSTITUTE(LEFT((" "&LEFT(SUBSTITUTE(A40,CHAR(13),""),FIND(CHAR(10),SUBSTITUTE(A40,CHAR(13),"")&CHAR(10))-1)),FIND(".",(" "&LEFT(SUBSTITUTE(A40,CHAR(13),""),FIND(CHAR(10),SUBSTITUTE(A40,CHAR(13),"")&CHAR(10))-1))))," ",""))))+1),FIND(" ",(" "&LEFT(SUBSTITUTE(A40,CHAR(13),""),FIND(CHAR(10),SUBSTITUTE(A40,CHAR(13),"")&CHAR(10))-1))&" ",FIND(".",(" "&LEFT(SUBSTITUTE(A40,CHAR(13),""),FIND(CHAR(10),SUBSTITUTE(A40,CHAR(13),"")&CHAR(10))-1))))-(FIND("~",SUBSTITUTE(LEFT((" "&LEFT(SUBSTITUTE(A40,CHAR(13),""),FIND(CHAR(10),SUBSTITUTE(A40,CHAR(13),"")&CHAR(10))-1)),FIND(".",(" "&LEFT(SUBSTITUTE(A40,CHAR(13),""),FIND(CHAR(10),SUBSTITUTE(A40,CHAR(13),"")&CHAR(10))-1))))," ","~",LEN(LEFT((" "&LEFT(SUBSTITUTE(A40,CHAR(13),""),FIND(CHAR(10),SUBSTITUTE(A40,CHAR(13),"")&CHAR(10))-1)),FIND(".",(" "&LEFT(SUBSTITUTE(A40,CHAR(13),""),FIND(CHAR(10),SUBSTITUTE(A40,CHAR(13),"")&CHAR(10))-1)))))-LEN(SUBSTITUTE(LEFT((" "&LEFT(SUBSTITUTE(A40,CHAR(13),""),FIND(CHAR(10),SUBSTITUTE(A40,CHAR(13),"")&CHAR(10))-1)),FIND(".",(" "&LEFT(SUBSTITUTE(A40,CHAR(13),""),FIND(CHAR(10),SUBSTITUTE(A40,CHAR(13),"")&CHAR(10))-1))))," ",""))))+1)),""))
A41: =IFERROR(INDEX(Pegar!$A$3:$A$1002,MATCH(37,Pegar!$B$3:$B$1002,0))&IF(LEFT(INDEX(Pegar!$A$3:$A$1003,MATCH(37,Pegar!$B$3:$B$1002,0)+1),5)="DESC=",CHAR(10)&INDEX(Pegar!$A$3:$A$1003,MATCH(37,Pegar!$B$3:$B$1002,0)+1),""),"") | B41: =IF(TRIM(A41)="","",IFERROR(MID(SUBSTITUTE(SUBSTITUTE(A41,CHAR(10)," "),CHAR(13)," "),FIND(" MT"," "&SUBSTITUTE(SUBSTITUTE(A41,CHAR(10)," "),CHAR(13)," ")),FIND(" ",SUBSTITUTE(SUBSTITUTE(A41,CHAR(10)," "),CHAR(13)," ")&" ",FIND(" MT"," "&SUBSTITUTE(SUBSTITUTE(A41,CHAR(10)," "),CHAR(13)," ")))-FIND(" MT"," "&SUBSTITUTE(SUBSTITUTE(A41,CHAR(10)," "),CHAR(13)," "))),"MT no encontrado")) | C41: =IF(TRIM(A41)="","",IF(D41="",FALSE(),SUBSTITUTE(SUBSTITUTE(SUBSTITUTE(D41,".",""),"0",""),"-","")<>"")) | D41: =IF(TRIM(A41)="","",IFERROR(MID((" "&LEFT(SUBSTITUTE(A41,CHAR(13),""),FIND(CHAR(10),SUBSTITUTE(A41,CHAR(13),"")&CHAR(10))-1)),(FIND("~",SUBSTITUTE(LEFT((" "&LEFT(SUBSTITUTE(A41,CHAR(13),""),FIND(CHAR(10),SUBSTITUTE(A41,CHAR(13),"")&CHAR(10))-1)),FIND(".",(" "&LEFT(SUBSTITUTE(A41,CHAR(13),""),FIND(CHAR(10),SUBSTITUTE(A41,CHAR(13),"")&CHAR(10))-1))))," ","~",LEN(LEFT((" "&LEFT(SUBSTITUTE(A41,CHAR(13),""),FIND(CHAR(10),SUBSTITUTE(A41,CHAR(13),"")&CHAR(10))-1)),FIND(".",(" "&LEFT(SUBSTITUTE(A41,CHAR(13),""),FIND(CHAR(10),SUBSTITUTE(A41,CHAR(13),"")&CHAR(10))-1)))))-LEN(SUBSTITUTE(LEFT((" "&LEFT(SUBSTITUTE(A41,CHAR(13),""),FIND(CHAR(10),SUBSTITUTE(A41,CHAR(13),"")&CHAR(10))-1)),FIND(".",(" "&LEFT(SUBSTITUTE(A41,CHAR(13),""),FIND(CHAR(10),SUBSTITUTE(A41,CHAR(13),"")&CHAR(10))-1))))," ",""))))+1),FIND(" ",(" "&LEFT(SUBSTITUTE(A41,CHAR(13),""),FIND(CHAR(10),SUBSTITUTE(A41,CHAR(13),"")&CHAR(10))-1))&" ",FIND(".",(" "&LEFT(SUBSTITUTE(A41,CHAR(13),""),FIND(CHAR(10),SUBSTITUTE(A41,CHAR(13),"")&CHAR(10))-1))))-(FIND("~",SUBSTITUTE(LEFT((" "&LEFT(SUBSTITUTE(A41,CHAR(13),""),FIND(CHAR(10),SUBSTITUTE(A41,CHAR(13),"")&CHAR(10))-1)),FIND(".",(" "&LEFT(SUBSTITUTE(A41,CHAR(13),""),FIND(CHAR(10),SUBSTITUTE(A41,CHAR(13),"")&CHAR(10))-1))))," ","~",LEN(LEFT((" "&LEFT(SUBSTITUTE(A41,CHAR(13),""),FIND(CHAR(10),SUBSTITUTE(A41,CHAR(13),"")&CHAR(10))-1)),FIND(".",(" "&LEFT(SUBSTITUTE(A41,CHAR(13),""),FIND(CHAR(10),SUBSTITUTE(A41,CHAR(13),"")&CHAR(10))-1)))))-LEN(SUBSTITUTE(LEFT((" "&LEFT(SUBSTITUTE(A41,CHAR(13),""),FIND(CHAR(10),SUBSTITUTE(A41,CHAR(13),"")&CHAR(10))-1)),FIND(".",(" "&LEFT(SUBSTITUTE(A41,CHAR(13),""),FIND(CHAR(10),SUBSTITUTE(A41,CHAR(13),"")&CHAR(10))-1))))," ",""))))+1)),""))
A42: =IFERROR(INDEX(Pegar!$A$3:$A$1002,MATCH(38,Pegar!$B$3:$B$1002,0))&IF(LEFT(INDEX(Pegar!$A$3:$A$1003,MATCH(38,Pegar!$B$3:$B$1002,0)+1),5)="DESC=",CHAR(10)&INDEX(Pegar!$A$3:$A$1003,MATCH(38,Pegar!$B$3:$B$1002,0)+1),""),"") | B42: =IF(TRIM(A42)="","",IFERROR(MID(SUBSTITUTE(SUBSTITUTE(A42,CHAR(10)," "),CHAR(13)," "),FIND(" MT"," "&SUBSTITUTE(SUBSTITUTE(A42,CHAR(10)," "),CHAR(13)," ")),FIND(" ",SUBSTITUTE(SUBSTITUTE(A42,CHAR(10)," "),CHAR(13)," ")&" ",FIND(" MT"," "&SUBSTITUTE(SUBSTITUTE(A42,CHAR(10)," "),CHAR(13)," ")))-FIND(" MT"," "&SUBSTITUTE(SUBSTITUTE(A42,CHAR(10)," "),CHAR(13)," "))),"MT no encontrado")) | C42: =IF(TRIM(A42)="","",IF(D42="",FALSE(),SUBSTITUTE(SUBSTITUTE(SUBSTITUTE(D42,".",""),"0",""),"-","")<>"")) | D42: =IF(TRIM(A42)="","",IFERROR(MID((" "&LEFT(SUBSTITUTE(A42,CHAR(13),""),FIND(CHAR(10),SUBSTITUTE(A42,CHAR(13),"")&CHAR(10))-1)),(FIND("~",SUBSTITUTE(LEFT((" "&LEFT(SUBSTITUTE(A42,CHAR(13),""),FIND(CHAR(10),SUBSTITUTE(A42,CHAR(13),"")&CHAR(10))-1)),FIND(".",(" "&LEFT(SUBSTITUTE(A42,CHAR(13),""),FIND(CHAR(10),SUBSTITUTE(A42,CHAR(13),"")&CHAR(10))-1))))," ","~",LEN(LEFT((" "&LEFT(SUBSTITUTE(A42,CHAR(13),""),FIND(CHAR(10),SUBSTITUTE(A42,CHAR(13),"")&CHAR(10))-1)),FIND(".",(" "&LEFT(SUBSTITUTE(A42,CHAR(13),""),FIND(CHAR(10),SUBSTITUTE(A42,CHAR(13),"")&CHAR(10))-1)))))-LEN(SUBSTITUTE(LEFT((" "&LEFT(SUBSTITUTE(A42,CHAR(13),""),FIND(CHAR(10),SUBSTITUTE(A42,CHAR(13),"")&CHAR(10))-1)),FIND(".",(" "&LEFT(SUBSTITUTE(A42,CHAR(13),""),FIND(CHAR(10),SUBSTITUTE(A42,CHAR(13),"")&CHAR(10))-1))))," ",""))))+1),FIND(" ",(" "&LEFT(SUBSTITUTE(A42,CHAR(13),""),FIND(CHAR(10),SUBSTITUTE(A42,CHAR(13),"")&CHAR(10))-1))&" ",FIND(".",(" "&LEFT(SUBSTITUTE(A42,CHAR(13),""),FIND(CHAR(10),SUBSTITUTE(A42,CHAR(13),"")&CHAR(10))-1))))-(FIND("~",SUBSTITUTE(LEFT((" "&LEFT(SUBSTITUTE(A42,CHAR(13),""),FIND(CHAR(10),SUBSTITUTE(A42,CHAR(13),"")&CHAR(10))-1)),FIND(".",(" "&LEFT(SUBSTITUTE(A42,CHAR(13),""),FIND(CHAR(10),SUBSTITUTE(A42,CHAR(13),"")&CHAR(10))-1))))," ","~",LEN(LEFT((" "&LEFT(SUBSTITUTE(A42,CHAR(13),""),FIND(CHAR(10),SUBSTITUTE(A42,CHAR(13),"")&CHAR(10))-1)),FIND(".",(" "&LEFT(SUBSTITUTE(A42,CHAR(13),""),FIND(CHAR(10),SUBSTITUTE(A42,CHAR(13),"")&CHAR(10))-1)))))-LEN(SUBSTITUTE(LEFT((" "&LEFT(SUBSTITUTE(A42,CHAR(13),""),FIND(CHAR(10),SUBSTITUTE(A42,CHAR(13),"")&CHAR(10))-1)),FIND(".",(" "&LEFT(SUBSTITUTE(A42,CHAR(13),""),FIND(CHAR(10),SUBSTITUTE(A42,CHAR(13),"")&CHAR(10))-1))))," ",""))))+1)),""))
A43: =IFERROR(INDEX(Pegar!$A$3:$A$1002,MATCH(39,Pegar!$B$3:$B$1002,0))&IF(LEFT(INDEX(Pegar!$A$3:$A$1003,MATCH(39,Pegar!$B$3:$B$1002,0)+1),5)="DESC=",CHAR(10)&INDEX(Pegar!$A$3:$A$1003,MATCH(39,Pegar!$B$3:$B$1002,0)+1),""),"") | B43: =IF(TRIM(A43)="","",IFERROR(MID(SUBSTITUTE(SUBSTITUTE(A43,CHAR(10)," "),CHAR(13)," "),FIND(" MT"," "&SUBSTITUTE(SUBSTITUTE(A43,CHAR(10)," "),CHAR(13)," ")),FIND(" ",SUBSTITUTE(SUBSTITUTE(A43,CHAR(10)," "),CHAR(13)," ")&" ",FIND(" MT"," "&SUBSTITUTE(SUBSTITUTE(A43,CHAR(10)," "),CHAR(13)," ")))-FIND(" MT"," "&SUBSTITUTE(SUBSTITUTE(A43,CHAR(10)," "),CHAR(13)," "))),"MT no encontrado")) | C43: =IF(TRIM(A43)="","",IF(D43="",FALSE(),SUBSTITUTE(SUBSTITUTE(SUBSTITUTE(D43,".",""),"0",""),"-","")<>"")) | D43: =IF(TRIM(A43)="","",IFERROR(MID((" "&LEFT(SUBSTITUTE(A43,CHAR(13),""),FIND(CHAR(10),SUBSTITUTE(A43,CHAR(13),"")&CHAR(10))-1)),(FIND("~",SUBSTITUTE(LEFT((" "&LEFT(SUBSTITUTE(A43,CHAR(13),""),FIND(CHAR(10),SUBSTITUTE(A43,CHAR(13),"")&CHAR(10))-1)),FIND(".",(" "&LEFT(SUBSTITUTE(A43,CHAR(13),""),FIND(CHAR(10),SUBSTITUTE(A43,CHAR(13),"")&CHAR(10))-1))))," ","~",LEN(LEFT((" "&LEFT(SUBSTITUTE(A43,CHAR(13),""),FIND(CHAR(10),SUBSTITUTE(A43,CHAR(13),"")&CHAR(10))-1)),FIND(".",(" "&LEFT(SUBSTITUTE(A43,CHAR(13),""),FIND(CHAR(10),SUBSTITUTE(A43,CHAR(13),"")&CHAR(10))-1)))))-LEN(SUBSTITUTE(LEFT((" "&LEFT(SUBSTITUTE(A43,CHAR(13),""),FIND(CHAR(10),SUBSTITUTE(A43,CHAR(13),"")&CHAR(10))-1)),FIND(".",(" "&LEFT(SUBSTITUTE(A43,CHAR(13),""),FIND(CHAR(10),SUBSTITUTE(A43,CHAR(13),"")&CHAR(10))-1))))," ",""))))+1),FIND(" ",(" "&LEFT(SUBSTITUTE(A43,CHAR(13),""),FIND(CHAR(10),SUBSTITUTE(A43,CHAR(13),"")&CHAR(10))-1))&" ",FIND(".",(" "&LEFT(SUBSTITUTE(A43,CHAR(13),""),FIND(CHAR(10),SUBSTITUTE(A43,CHAR(13),"")&CHAR(10))-1))))-(FIND("~",SUBSTITUTE(LEFT((" "&LEFT(SUBSTITUTE(A43,CHAR(13),""),FIND(CHAR(10),SUBSTITUTE(A43,CHAR(13),"")&CHAR(10))-1)),FIND(".",(" "&LEFT(SUBSTITUTE(A43,CHAR(13),""),FIND(CHAR(10),SUBSTITUTE(A43,CHAR(13),"")&CHAR(10))-1))))," ","~",LEN(LEFT((" "&LEFT(SUBSTITUTE(A43,CHAR(13),""),FIND(CHAR(10),SUBSTITUTE(A43,CHAR(13),"")&CHAR(10))-1)),FIND(".",(" "&LEFT(SUBSTITUTE(A43,CHAR(13),""),FIND(CHAR(10),SUBSTITUTE(A43,CHAR(13),"")&CHAR(10))-1)))))-LEN(SUBSTITUTE(LEFT((" "&LEFT(SUBSTITUTE(A43,CHAR(13),""),FIND(CHAR(10),SUBSTITUTE(A43,CHAR(13),"")&CHAR(10))-1)),FIND(".",(" "&LEFT(SUBSTITUTE(A43,CHAR(13),""),FIND(CHAR(10),SUBSTITUTE(A43,CHAR(13),"")&CHAR(10))-1))))," ",""))))+1)),""))
A44: =IFERROR(INDEX(Pegar!$A$3:$A$1002,MATCH(40,Pegar!$B$3:$B$1002,0))&IF(LEFT(INDEX(Pegar!$A$3:$A$1003,MATCH(40,Pegar!$B$3:$B$1002,0)+1),5)="DESC=",CHAR(10)&INDEX(Pegar!$A$3:$A$1003,MATCH(40,Pegar!$B$3:$B$1002,0)+1),""),"") | B44: =IF(TRIM(A44)="","",IFERROR(MID(SUBSTITUTE(SUBSTITUTE(A44,CHAR(10)," "),CHAR(13)," "),FIND(" MT"," "&SUBSTITUTE(SUBSTITUTE(A44,CHAR(10)," "),CHAR(13)," ")),FIND(" ",SUBSTITUTE(SUBSTITUTE(A44,CHAR(10)," "),CHAR(13)," ")&" ",FIND(" MT"," "&SUBSTITUTE(SUBSTITUTE(A44,CHAR(10)," "),CHAR(13)," ")))-FIND(" MT"," "&SUBSTITUTE(SUBSTITUTE(A44,CHAR(10)," "),CHAR(13)," "))),"MT no encontrado")) | C44: =IF(TRIM(A44)="","",IF(D44="",FALSE(),SUBSTITUTE(SUBSTITUTE(SUBSTITUTE(D44,".",""),"0",""),"-","")<>"")) | D44: =IF(TRIM(A44)="","",IFERROR(MID((" "&LEFT(SUBSTITUTE(A44,CHAR(13),""),FIND(CHAR(10),SUBSTITUTE(A44,CHAR(13),"")&CHAR(10))-1)),(FIND("~",SUBSTITUTE(LEFT((" "&LEFT(SUBSTITUTE(A44,CHAR(13),""),FIND(CHAR(10),SUBSTITUTE(A44,CHAR(13),"")&CHAR(10))-1)),FIND(".",(" "&LEFT(SUBSTITUTE(A44,CHAR(13),""),FIND(CHAR(10),SUBSTITUTE(A44,CHAR(13),"")&CHAR(10))-1))))," ","~",LEN(LEFT((" "&LEFT(SUBSTITUTE(A44,CHAR(13),""),FIND(CHAR(10),SUBSTITUTE(A44,CHAR(13),"")&CHAR(10))-1)),FIND(".",(" "&LEFT(SUBSTITUTE(A44,CHAR(13),""),FIND(CHAR(10),SUBSTITUTE(A44,CHAR(13),"")&CHAR(10))-1)))))-LEN(SUBSTITUTE(LEFT((" "&LEFT(SUBSTITUTE(A44,CHAR(13),""),FIND(CHAR(10),SUBSTITUTE(A44,CHAR(13),"")&CHAR(10))-1)),FIND(".",(" "&LEFT(SUBSTITUTE(A44,CHAR(13),""),FIND(CHAR(10),SUBSTITUTE(A44,CHAR(13),"")&CHAR(10))-1))))," ",""))))+1),FIND(" ",(" "&LEFT(SUBSTITUTE(A44,CHAR(13),""),FIND(CHAR(10),SUBSTITUTE(A44,CHAR(13),"")&CHAR(10))-1))&" ",FIND(".",(" "&LEFT(SUBSTITUTE(A44,CHAR(13),""),FIND(CHAR(10),SUBSTITUTE(A44,CHAR(13),"")&CHAR(10))-1))))-(FIND("~",SUBSTITUTE(LEFT((" "&LEFT(SUBSTITUTE(A44,CHAR(13),""),FIND(CHAR(10),SUBSTITUTE(A44,CHAR(13),"")&CHAR(10))-1)),FIND(".",(" "&LEFT(SUBSTITUTE(A44,CHAR(13),""),FIND(CHAR(10),SUBSTITUTE(A44,CHAR(13),"")&CHAR(10))-1))))," ","~",LEN(LEFT((" "&LEFT(SUBSTITUTE(A44,CHAR(13),""),FIND(CHAR(10),SUBSTITUTE(A44,CHAR(13),"")&CHAR(10))-1)),FIND(".",(" "&LEFT(SUBSTITUTE(A44,CHAR(13),""),FIND(CHAR(10),SUBSTITUTE(A44,CHAR(13),"")&CHAR(10))-1)))))-LEN(SUBSTITUTE(LEFT((" "&LEFT(SUBSTITUTE(A44,CHAR(13),""),FIND(CHAR(10),SUBSTITUTE(A44,CHAR(13),"")&CHAR(10))-1)),FIND(".",(" "&LEFT(SUBSTITUTE(A44,CHAR(13),""),FIND(CHAR(10),SUBSTITUTE(A44,CHAR(13),"")&CHAR(10))-1))))," ",""))))+1)),""))
A45: =IFERROR(INDEX(Pegar!$A$3:$A$1002,MATCH(41,Pegar!$B$3:$B$1002,0))&IF(LEFT(INDEX(Pegar!$A$3:$A$1003,MATCH(41,Pegar!$B$3:$B$1002,0)+1),5)="DESC=",CHAR(10)&INDEX(Pegar!$A$3:$A$1003,MATCH(41,Pegar!$B$3:$B$1002,0)+1),""),"") | B45: =IF(TRIM(A45)="","",IFERROR(MID(SUBSTITUTE(SUBSTITUTE(A45,CHAR(10)," "),CHAR(13)," "),FIND(" MT"," "&SUBSTITUTE(SUBSTITUTE(A45,CHAR(10)," "),CHAR(13)," ")),FIND(" ",SUBSTITUTE(SUBSTITUTE(A45,CHAR(10)," "),CHAR(13)," ")&" ",FIND(" MT"," "&SUBSTITUTE(SUBSTITUTE(A45,CHAR(10)," "),CHAR(13)," ")))-FIND(" MT"," "&SUBSTITUTE(SUBSTITUTE(A45,CHAR(10)," "),CHAR(13)," "))),"MT no encontrado")) | C45: =IF(TRIM(A45)="","",IF(D45="",FALSE(),SUBSTITUTE(SUBSTITUTE(SUBSTITUTE(D45,".",""),"0",""),"-","")<>"")) | D45: =IF(TRIM(A45)="","",IFERROR(MID((" "&LEFT(SUBSTITUTE(A45,CHAR(13),""),FIND(CHAR(10),SUBSTITUTE(A45,CHAR(13),"")&CHAR(10))-1)),(FIND("~",SUBSTITUTE(LEFT((" "&LEFT(SUBSTITUTE(A45,CHAR(13),""),FIND(CHAR(10),SUBSTITUTE(A45,CHAR(13),"")&CHAR(10))-1)),FIND(".",(" "&LEFT(SUBSTITUTE(A45,CHAR(13),""),FIND(CHAR(10),SUBSTITUTE(A45,CHAR(13),"")&CHAR(10))-1))))," ","~",LEN(LEFT((" "&LEFT(SUBSTITUTE(A45,CHAR(13),""),FIND(CHAR(10),SUBSTITUTE(A45,CHAR(13),"")&CHAR(10))-1)),FIND(".",(" "&LEFT(SUBSTITUTE(A45,CHAR(13),""),FIND(CHAR(10),SUBSTITUTE(A45,CHAR(13),"")&CHAR(10))-1)))))-LEN(SUBSTITUTE(LEFT((" "&LEFT(SUBSTITUTE(A45,CHAR(13),""),FIND(CHAR(10),SUBSTITUTE(A45,CHAR(13),"")&CHAR(10))-1)),FIND(".",(" "&LEFT(SUBSTITUTE(A45,CHAR(13),""),FIND(CHAR(10),SUBSTITUTE(A45,CHAR(13),"")&CHAR(10))-1))))," ",""))))+1),FIND(" ",(" "&LEFT(SUBSTITUTE(A45,CHAR(13),""),FIND(CHAR(10),SUBSTITUTE(A45,CHAR(13),"")&CHAR(10))-1))&" ",FIND(".",(" "&LEFT(SUBSTITUTE(A45,CHAR(13),""),FIND(CHAR(10),SUBSTITUTE(A45,CHAR(13),"")&CHAR(10))-1))))-(FIND("~",SUBSTITUTE(LEFT((" "&LEFT(SUBSTITUTE(A45,CHAR(13),""),FIND(CHAR(10),SUBSTITUTE(A45,CHAR(13),"")&CHAR(10))-1)),FIND(".",(" "&LEFT(SUBSTITUTE(A45,CHAR(13),""),FIND(CHAR(10),SUBSTITUTE(A45,CHAR(13),"")&CHAR(10))-1))))," ","~",LEN(LEFT((" "&LEFT(SUBSTITUTE(A45,CHAR(13),""),FIND(CHAR(10),SUBSTITUTE(A45,CHAR(13),"")&CHAR(10))-1)),FIND(".",(" "&LEFT(SUBSTITUTE(A45,CHAR(13),""),FIND(CHAR(10),SUBSTITUTE(A45,CHAR(13),"")&CHAR(10))-1)))))-LEN(SUBSTITUTE(LEFT((" "&LEFT(SUBSTITUTE(A45,CHAR(13),""),FIND(CHAR(10),SUBSTITUTE(A45,CHAR(13),"")&CHAR(10))-1)),FIND(".",(" "&LEFT(SUBSTITUTE(A45,CHAR(13),""),FIND(CHAR(10),SUBSTITUTE(A45,CHAR(13),"")&CHAR(10))-1))))," ",""))))+1)),""))
A46: =IFERROR(INDEX(Pegar!$A$3:$A$1002,MATCH(42,Pegar!$B$3:$B$1002,0))&IF(LEFT(INDEX(Pegar!$A$3:$A$1003,MATCH(42,Pegar!$B$3:$B$1002,0)+1),5)="DESC=",CHAR(10)&INDEX(Pegar!$A$3:$A$1003,MATCH(42,Pegar!$B$3:$B$1002,0)+1),""),"") | B46: =IF(TRIM(A46)="","",IFERROR(MID(SUBSTITUTE(SUBSTITUTE(A46,CHAR(10)," "),CHAR(13)," "),FIND(" MT"," "&SUBSTITUTE(SUBSTITUTE(A46,CHAR(10)," "),CHAR(13)," ")),FIND(" ",SUBSTITUTE(SUBSTITUTE(A46,CHAR(10)," "),CHAR(13)," ")&" ",FIND(" MT"," "&SUBSTITUTE(SUBSTITUTE(A46,CHAR(10)," "),CHAR(13)," ")))-FIND(" MT"," "&SUBSTITUTE(SUBSTITUTE(A46,CHAR(10)," "),CHAR(13)," "))),"MT no encontrado")) | C46: =IF(TRIM(A46)="","",IF(D46="",FALSE(),SUBSTITUTE(SUBSTITUTE(SUBSTITUTE(D46,".",""),"0",""),"-","")<>"")) | D46: =IF(TRIM(A46)="","",IFERROR(MID((" "&LEFT(SUBSTITUTE(A46,CHAR(13),""),FIND(CHAR(10),SUBSTITUTE(A46,CHAR(13),"")&CHAR(10))-1)),(FIND("~",SUBSTITUTE(LEFT((" "&LEFT(SUBSTITUTE(A46,CHAR(13),""),FIND(CHAR(10),SUBSTITUTE(A46,CHAR(13),"")&CHAR(10))-1)),FIND(".",(" "&LEFT(SUBSTITUTE(A46,CHAR(13),""),FIND(CHAR(10),SUBSTITUTE(A46,CHAR(13),"")&CHAR(10))-1))))," ","~",LEN(LEFT((" "&LEFT(SUBSTITUTE(A46,CHAR(13),""),FIND(CHAR(10),SUBSTITUTE(A46,CHAR(13),"")&CHAR(10))-1)),FIND(".",(" "&LEFT(SUBSTITUTE(A46,CHAR(13),""),FIND(CHAR(10),SUBSTITUTE(A46,CHAR(13),"")&CHAR(10))-1)))))-LEN(SUBSTITUTE(LEFT((" "&LEFT(SUBSTITUTE(A46,CHAR(13),""),FIND(CHAR(10),SUBSTITUTE(A46,CHAR(13),"")&CHAR(10))-1)),FIND(".",(" "&LEFT(SUBSTITUTE(A46,CHAR(13),""),FIND(CHAR(10),SUBSTITUTE(A46,CHAR(13),"")&CHAR(10))-1))))," ",""))))+1),FIND(" ",(" "&LEFT(SUBSTITUTE(A46,CHAR(13),""),FIND(CHAR(10),SUBSTITUTE(A46,CHAR(13),"")&CHAR(10))-1))&" ",FIND(".",(" "&LEFT(SUBSTITUTE(A46,CHAR(13),""),FIND(CHAR(10),SUBSTITUTE(A46,CHAR(13),"")&CHAR(10))-1))))-(FIND("~",SUBSTITUTE(LEFT((" "&LEFT(SUBSTITUTE(A46,CHAR(13),""),FIND(CHAR(10),SUBSTITUTE(A46,CHAR(13),"")&CHAR(10))-1)),FIND(".",(" "&LEFT(SUBSTITUTE(A46,CHAR(13),""),FIND(CHAR(10),SUBSTITUTE(A46,CHAR(13),"")&CHAR(10))-1))))," ","~",LEN(LEFT((" "&LEFT(SUBSTITUTE(A46,CHAR(13),""),FIND(CHAR(10),SUBSTITUTE(A46,CHAR(13),"")&CHAR(10))-1)),FIND(".",(" "&LEFT(SUBSTITUTE(A46,CHAR(13),""),FIND(CHAR(10),SUBSTITUTE(A46,CHAR(13),"")&CHAR(10))-1)))))-LEN(SUBSTITUTE(LEFT((" "&LEFT(SUBSTITUTE(A46,CHAR(13),""),FIND(CHAR(10),SUBSTITUTE(A46,CHAR(13),"")&CHAR(10))-1)),FIND(".",(" "&LEFT(SUBSTITUTE(A46,CHAR(13),""),FIND(CHAR(10),SUBSTITUTE(A46,CHAR(13),"")&CHAR(10))-1))))," ",""))))+1)),""))
A47: =IFERROR(INDEX(Pegar!$A$3:$A$1002,MATCH(43,Pegar!$B$3:$B$1002,0))&IF(LEFT(INDEX(Pegar!$A$3:$A$1003,MATCH(43,Pegar!$B$3:$B$1002,0)+1),5)="DESC=",CHAR(10)&INDEX(Pegar!$A$3:$A$1003,MATCH(43,Pegar!$B$3:$B$1002,0)+1),""),"") | B47: =IF(TRIM(A47)="","",IFERROR(MID(SUBSTITUTE(SUBSTITUTE(A47,CHAR(10)," "),CHAR(13)," "),FIND(" MT"," "&SUBSTITUTE(SUBSTITUTE(A47,CHAR(10)," "),CHAR(13)," ")),FIND(" ",SUBSTITUTE(SUBSTITUTE(A47,CHAR(10)," "),CHAR(13)," ")&" ",FIND(" MT"," "&SUBSTITUTE(SUBSTITUTE(A47,CHAR(10)," "),CHAR(13)," ")))-FIND(" MT"," "&SUBSTITUTE(SUBSTITUTE(A47,CHAR(10)," "),CHAR(13)," "))),"MT no encontrado")) | C47: =IF(TRIM(A47)="","",IF(D47="",FALSE(),SUBSTITUTE(SUBSTITUTE(SUBSTITUTE(D47,".",""),"0",""),"-","")<>"")) | D47: =IF(TRIM(A47)="","",IFERROR(MID((" "&LEFT(SUBSTITUTE(A47,CHAR(13),""),FIND(CHAR(10),SUBSTITUTE(A47,CHAR(13),"")&CHAR(10))-1)),(FIND("~",SUBSTITUTE(LEFT((" "&LEFT(SUBSTITUTE(A47,CHAR(13),""),FIND(CHAR(10),SUBSTITUTE(A47,CHAR(13),"")&CHAR(10))-1)),FIND(".",(" "&LEFT(SUBSTITUTE(A47,CHAR(13),""),FIND(CHAR(10),SUBSTITUTE(A47,CHAR(13),"")&CHAR(10))-1))))," ","~",LEN(LEFT((" "&LEFT(SUBSTITUTE(A47,CHAR(13),""),FIND(CHAR(10),SUBSTITUTE(A47,CHAR(13),"")&CHAR(10))-1)),FIND(".",(" "&LEFT(SUBSTITUTE(A47,CHAR(13),""),FIND(CHAR(10),SUBSTITUTE(A47,CHAR(13),"")&CHAR(10))-1)))))-LEN(SUBSTITUTE(LEFT((" "&LEFT(SUBSTITUTE(A47,CHAR(13),""),FIND(CHAR(10),SUBSTITUTE(A47,CHAR(13),"")&CHAR(10))-1)),FIND(".",(" "&LEFT(SUBSTITUTE(A47,CHAR(13),""),FIND(CHAR(10),SUBSTITUTE(A47,CHAR(13),"")&CHAR(10))-1))))," ",""))))+1),FIND(" ",(" "&LEFT(SUBSTITUTE(A47,CHAR(13),""),FIND(CHAR(10),SUBSTITUTE(A47,CHAR(13),"")&CHAR(10))-1))&" ",FIND(".",(" "&LEFT(SUBSTITUTE(A47,CHAR(13),""),FIND(CHAR(10),SUBSTITUTE(A47,CHAR(13),"")&CHAR(10))-1))))-(FIND("~",SUBSTITUTE(LEFT((" "&LEFT(SUBSTITUTE(A47,CHAR(13),""),FIND(CHAR(10),SUBSTITUTE(A47,CHAR(13),"")&CHAR(10))-1)),FIND(".",(" "&LEFT(SUBSTITUTE(A47,CHAR(13),""),FIND(CHAR(10),SUBSTITUTE(A47,CHAR(13),"")&CHAR(10))-1))))," ","~",LEN(LEFT((" "&LEFT(SUBSTITUTE(A47,CHAR(13),""),FIND(CHAR(10),SUBSTITUTE(A47,CHAR(13),"")&CHAR(10))-1)),FIND(".",(" "&LEFT(SUBSTITUTE(A47,CHAR(13),""),FIND(CHAR(10),SUBSTITUTE(A47,CHAR(13),"")&CHAR(10))-1)))))-LEN(SUBSTITUTE(LEFT((" "&LEFT(SUBSTITUTE(A47,CHAR(13),""),FIND(CHAR(10),SUBSTITUTE(A47,CHAR(13),"")&CHAR(10))-1)),FIND(".",(" "&LEFT(SUBSTITUTE(A47,CHAR(13),""),FIND(CHAR(10),SUBSTITUTE(A47,CHAR(13),"")&CHAR(10))-1))))," ",""))))+1)),""))
A48: =IFERROR(INDEX(Pegar!$A$3:$A$1002,MATCH(44,Pegar!$B$3:$B$1002,0))&IF(LEFT(INDEX(Pegar!$A$3:$A$1003,MATCH(44,Pegar!$B$3:$B$1002,0)+1),5)="DESC=",CHAR(10)&INDEX(Pegar!$A$3:$A$1003,MATCH(44,Pegar!$B$3:$B$1002,0)+1),""),"") | B48: =IF(TRIM(A48)="","",IFERROR(MID(SUBSTITUTE(SUBSTITUTE(A48,CHAR(10)," "),CHAR(13)," "),FIND(" MT"," "&SUBSTITUTE(SUBSTITUTE(A48,CHAR(10)," "),CHAR(13)," ")),FIND(" ",SUBSTITUTE(SUBSTITUTE(A48,CHAR(10)," "),CHAR(13)," ")&" ",FIND(" MT"," "&SUBSTITUTE(SUBSTITUTE(A48,CHAR(10)," "),CHAR(13)," ")))-FIND(" MT"," "&SUBSTITUTE(SUBSTITUTE(A48,CHAR(10)," "),CHAR(13)," "))),"MT no encontrado")) | C48: =IF(TRIM(A48)="","",IF(D48="",FALSE(),SUBSTITUTE(SUBSTITUTE(SUBSTITUTE(D48,".",""),"0",""),"-","")<>"")) | D48: =IF(TRIM(A48)="","",IFERROR(MID((" "&LEFT(SUBSTITUTE(A48,CHAR(13),""),FIND(CHAR(10),SUBSTITUTE(A48,CHAR(13),"")&CHAR(10))-1)),(FIND("~",SUBSTITUTE(LEFT((" "&LEFT(SUBSTITUTE(A48,CHAR(13),""),FIND(CHAR(10),SUBSTITUTE(A48,CHAR(13),"")&CHAR(10))-1)),FIND(".",(" "&LEFT(SUBSTITUTE(A48,CHAR(13),""),FIND(CHAR(10),SUBSTITUTE(A48,CHAR(13),"")&CHAR(10))-1))))," ","~",LEN(LEFT((" "&LEFT(SUBSTITUTE(A48,CHAR(13),""),FIND(CHAR(10),SUBSTITUTE(A48,CHAR(13),"")&CHAR(10))-1)),FIND(".",(" "&LEFT(SUBSTITUTE(A48,CHAR(13),""),FIND(CHAR(10),SUBSTITUTE(A48,CHAR(13),"")&CHAR(10))-1)))))-LEN(SUBSTITUTE(LEFT((" "&LEFT(SUBSTITUTE(A48,CHAR(13),""),FIND(CHAR(10),SUBSTITUTE(A48,CHAR(13),"")&CHAR(10))-1)),FIND(".",(" "&LEFT(SUBSTITUTE(A48,CHAR(13),""),FIND(CHAR(10),SUBSTITUTE(A48,CHAR(13),"")&CHAR(10))-1))))," ",""))))+1),FIND(" ",(" "&LEFT(SUBSTITUTE(A48,CHAR(13),""),FIND(CHAR(10),SUBSTITUTE(A48,CHAR(13),"")&CHAR(10))-1))&" ",FIND(".",(" "&LEFT(SUBSTITUTE(A48,CHAR(13),""),FIND(CHAR(10),SUBSTITUTE(A48,CHAR(13),"")&CHAR(10))-1))))-(FIND("~",SUBSTITUTE(LEFT((" "&LEFT(SUBSTITUTE(A48,CHAR(13),""),FIND(CHAR(10),SUBSTITUTE(A48,CHAR(13),"")&CHAR(10))-1)),FIND(".",(" "&LEFT(SUBSTITUTE(A48,CHAR(13),""),FIND(CHAR(10),SUBSTITUTE(A48,CHAR(13),"")&CHAR(10))-1))))," ","~",LEN(LEFT((" "&LEFT(SUBSTITUTE(A48,CHAR(13),""),FIND(CHAR(10),SUBSTITUTE(A48,CHAR(13),"")&CHAR(10))-1)),FIND(".",(" "&LEFT(SUBSTITUTE(A48,CHAR(13),""),FIND(CHAR(10),SUBSTITUTE(A48,CHAR(13),"")&CHAR(10))-1)))))-LEN(SUBSTITUTE(LEFT((" "&LEFT(SUBSTITUTE(A48,CHAR(13),""),FIND(CHAR(10),SUBSTITUTE(A48,CHAR(13),"")&CHAR(10))-1)),FIND(".",(" "&LEFT(SUBSTITUTE(A48,CHAR(13),""),FIND(CHAR(10),SUBSTITUTE(A48,CHAR(13),"")&CHAR(10))-1))))," ",""))))+1)),""))
A49: =IFERROR(INDEX(Pegar!$A$3:$A$1002,MATCH(45,Pegar!$B$3:$B$1002,0))&IF(LEFT(INDEX(Pegar!$A$3:$A$1003,MATCH(45,Pegar!$B$3:$B$1002,0)+1),5)="DESC=",CHAR(10)&INDEX(Pegar!$A$3:$A$1003,MATCH(45,Pegar!$B$3:$B$1002,0)+1),""),"") | B49: =IF(TRIM(A49)="","",IFERROR(MID(SUBSTITUTE(SUBSTITUTE(A49,CHAR(10)," "),CHAR(13)," "),FIND(" MT"," "&SUBSTITUTE(SUBSTITUTE(A49,CHAR(10)," "),CHAR(13)," ")),FIND(" ",SUBSTITUTE(SUBSTITUTE(A49,CHAR(10)," "),CHAR(13)," ")&" ",FIND(" MT"," "&SUBSTITUTE(SUBSTITUTE(A49,CHAR(10)," "),CHAR(13)," ")))-FIND(" MT"," "&SUBSTITUTE(SUBSTITUTE(A49,CHAR(10)," "),CHAR(13)," "))),"MT no encontrado")) | C49: =IF(TRIM(A49)="","",IF(D49="",FALSE(),SUBSTITUTE(SUBSTITUTE(SUBSTITUTE(D49,".",""),"0",""),"-","")<>"")) | D49: =IF(TRIM(A49)="","",IFERROR(MID((" "&LEFT(SUBSTITUTE(A49,CHAR(13),""),FIND(CHAR(10),SUBSTITUTE(A49,CHAR(13),"")&CHAR(10))-1)),(FIND("~",SUBSTITUTE(LEFT((" "&LEFT(SUBSTITUTE(A49,CHAR(13),""),FIND(CHAR(10),SUBSTITUTE(A49,CHAR(13),"")&CHAR(10))-1)),FIND(".",(" "&LEFT(SUBSTITUTE(A49,CHAR(13),""),FIND(CHAR(10),SUBSTITUTE(A49,CHAR(13),"")&CHAR(10))-1))))," ","~",LEN(LEFT((" "&LEFT(SUBSTITUTE(A49,CHAR(13),""),FIND(CHAR(10),SUBSTITUTE(A49,CHAR(13),"")&CHAR(10))-1)),FIND(".",(" "&LEFT(SUBSTITUTE(A49,CHAR(13),""),FIND(CHAR(10),SUBSTITUTE(A49,CHAR(13),"")&CHAR(10))-1)))))-LEN(SUBSTITUTE(LEFT((" "&LEFT(SUBSTITUTE(A49,CHAR(13),""),FIND(CHAR(10),SUBSTITUTE(A49,CHAR(13),"")&CHAR(10))-1)),FIND(".",(" "&LEFT(SUBSTITUTE(A49,CHAR(13),""),FIND(CHAR(10),SUBSTITUTE(A49,CHAR(13),"")&CHAR(10))-1))))," ",""))))+1),FIND(" ",(" "&LEFT(SUBSTITUTE(A49,CHAR(13),""),FIND(CHAR(10),SUBSTITUTE(A49,CHAR(13),"")&CHAR(10))-1))&" ",FIND(".",(" "&LEFT(SUBSTITUTE(A49,CHAR(13),""),FIND(CHAR(10),SUBSTITUTE(A49,CHAR(13),"")&CHAR(10))-1))))-(FIND("~",SUBSTITUTE(LEFT((" "&LEFT(SUBSTITUTE(A49,CHAR(13),""),FIND(CHAR(10),SUBSTITUTE(A49,CHAR(13),"")&CHAR(10))-1)),FIND(".",(" "&LEFT(SUBSTITUTE(A49,CHAR(13),""),FIND(CHAR(10),SUBSTITUTE(A49,CHAR(13),"")&CHAR(10))-1))))," ","~",LEN(LEFT((" "&LEFT(SUBSTITUTE(A49,CHAR(13),""),FIND(CHAR(10),SUBSTITUTE(A49,CHAR(13),"")&CHAR(10))-1)),FIND(".",(" "&LEFT(SUBSTITUTE(A49,CHAR(13),""),FIND(CHAR(10),SUBSTITUTE(A49,CHAR(13),"")&CHAR(10))-1)))))-LEN(SUBSTITUTE(LEFT((" "&LEFT(SUBSTITUTE(A49,CHAR(13),""),FIND(CHAR(10),SUBSTITUTE(A49,CHAR(13),"")&CHAR(10))-1)),FIND(".",(" "&LEFT(SUBSTITUTE(A49,CHAR(13),""),FIND(CHAR(10),SUBSTITUTE(A49,CHAR(13),"")&CHAR(10))-1))))," ",""))))+1)),""))
A50: =IFERROR(INDEX(Pegar!$A$3:$A$1002,MATCH(46,Pegar!$B$3:$B$1002,0))&IF(LEFT(INDEX(Pegar!$A$3:$A$1003,MATCH(46,Pegar!$B$3:$B$1002,0)+1),5)="DESC=",CHAR(10)&INDEX(Pegar!$A$3:$A$1003,MATCH(46,Pegar!$B$3:$B$1002,0)+1),""),"") | B50: =IF(TRIM(A50)="","",IFERROR(MID(SUBSTITUTE(SUBSTITUTE(A50,CHAR(10)," "),CHAR(13)," "),FIND(" MT"," "&SUBSTITUTE(SUBSTITUTE(A50,CHAR(10)," "),CHAR(13)," ")),FIND(" ",SUBSTITUTE(SUBSTITUTE(A50,CHAR(10)," "),CHAR(13)," ")&" ",FIND(" MT"," "&SUBSTITUTE(SUBSTITUTE(A50,CHAR(10)," "),CHAR(13)," ")))-FIND(" MT"," "&SUBSTITUTE(SUBSTITUTE(A50,CHAR(10)," "),CHAR(13)," "))),"MT no encontrado")) | C50: =IF(TRIM(A50)="","",IF(D50="",FALSE(),SUBSTITUTE(SUBSTITUTE(SUBSTITUTE(D50,".",""),"0",""),"-","")<>"")) | D50: =IF(TRIM(A50)="","",IFERROR(MID((" "&LEFT(SUBSTITUTE(A50,CHAR(13),""),FIND(CHAR(10),SUBSTITUTE(A50,CHAR(13),"")&CHAR(10))-1)),(FIND("~",SUBSTITUTE(LEFT((" "&LEFT(SUBSTITUTE(A50,CHAR(13),""),FIND(CHAR(10),SUBSTITUTE(A50,CHAR(13),"")&CHAR(10))-1)),FIND(".",(" "&LEFT(SUBSTITUTE(A50,CHAR(13),""),FIND(CHAR(10),SUBSTITUTE(A50,CHAR(13),"")&CHAR(10))-1))))," ","~",LEN(LEFT((" "&LEFT(SUBSTITUTE(A50,CHAR(13),""),FIND(CHAR(10),SUBSTITUTE(A50,CHAR(13),"")&CHAR(10))-1)),FIND(".",(" "&LEFT(SUBSTITUTE(A50,CHAR(13),""),FIND(CHAR(10),SUBSTITUTE(A50,CHAR(13),"")&CHAR(10))-1)))))-LEN(SUBSTITUTE(LEFT((" "&LEFT(SUBSTITUTE(A50,CHAR(13),""),FIND(CHAR(10),SUBSTITUTE(A50,CHAR(13),"")&CHAR(10))-1)),FIND(".",(" "&LEFT(SUBSTITUTE(A50,CHAR(13),""),FIND(CHAR(10),SUBSTITUTE(A50,CHAR(13),"")&CHAR(10))-1))))," ",""))))+1),FIND(" ",(" "&LEFT(SUBSTITUTE(A50,CHAR(13),""),FIND(CHAR(10),SUBSTITUTE(A50,CHAR(13),"")&CHAR(10))-1))&" ",FIND(".",(" "&LEFT(SUBSTITUTE(A50,CHAR(13),""),FIND(CHAR(10),SUBSTITUTE(A50,CHAR(13),"")&CHAR(10))-1))))-(FIND("~",SUBSTITUTE(LEFT((" "&LEFT(SUBSTITUTE(A50,CHAR(13),""),FIND(CHAR(10),SUBSTITUTE(A50,CHAR(13),"")&CHAR(10))-1)),FIND(".",(" "&LEFT(SUBSTITUTE(A50,CHAR(13),""),FIND(CHAR(10),SUBSTITUTE(A50,CHAR(13),"")&CHAR(10))-1))))," ","~",LEN(LEFT((" "&LEFT(SUBSTITUTE(A50,CHAR(13),""),FIND(CHAR(10),SUBSTITUTE(A50,CHAR(13),"")&CHAR(10))-1)),FIND(".",(" "&LEFT(SUBSTITUTE(A50,CHAR(13),""),FIND(CHAR(10),SUBSTITUTE(A50,CHAR(13),"")&CHAR(10))-1)))))-LEN(SUBSTITUTE(LEFT((" "&LEFT(SUBSTITUTE(A50,CHAR(13),""),FIND(CHAR(10),SUBSTITUTE(A50,CHAR(13),"")&CHAR(10))-1)),FIND(".",(" "&LEFT(SUBSTITUTE(A50,CHAR(13),""),FIND(CHAR(10),SUBSTITUTE(A50,CHAR(13),"")&CHAR(10))-1))))," ",""))))+1)),""))
A51: =IFERROR(INDEX(Pegar!$A$3:$A$1002,MATCH(47,Pegar!$B$3:$B$1002,0))&IF(LEFT(INDEX(Pegar!$A$3:$A$1003,MATCH(47,Pegar!$B$3:$B$1002,0)+1),5)="DESC=",CHAR(10)&INDEX(Pegar!$A$3:$A$1003,MATCH(47,Pegar!$B$3:$B$1002,0)+1),""),"") | B51: =IF(TRIM(A51)="","",IFERROR(MID(SUBSTITUTE(SUBSTITUTE(A51,CHAR(10)," "),CHAR(13)," "),FIND(" MT"," "&SUBSTITUTE(SUBSTITUTE(A51,CHAR(10)," "),CHAR(13)," ")),FIND(" ",SUBSTITUTE(SUBSTITUTE(A51,CHAR(10)," "),CHAR(13)," ")&" ",FIND(" MT"," "&SUBSTITUTE(SUBSTITUTE(A51,CHAR(10)," "),CHAR(13)," ")))-FIND(" MT"," "&SUBSTITUTE(SUBSTITUTE(A51,CHAR(10)," "),CHAR(13)," "))),"MT no encontrado")) | C51: =IF(TRIM(A51)="","",IF(D51="",FALSE(),SUBSTITUTE(SUBSTITUTE(SUBSTITUTE(D51,".",""),"0",""),"-","")<>"")) | D51: =IF(TRIM(A51)="","",IFERROR(MID((" "&LEFT(SUBSTITUTE(A51,CHAR(13),""),FIND(CHAR(10),SUBSTITUTE(A51,CHAR(13),"")&CHAR(10))-1)),(FIND("~",SUBSTITUTE(LEFT((" "&LEFT(SUBSTITUTE(A51,CHAR(13),""),FIND(CHAR(10),SUBSTITUTE(A51,CHAR(13),"")&CHAR(10))-1)),FIND(".",(" "&LEFT(SUBSTITUTE(A51,CHAR(13),""),FIND(CHAR(10),SUBSTITUTE(A51,CHAR(13),"")&CHAR(10))-1))))," ","~",LEN(LEFT((" "&LEFT(SUBSTITUTE(A51,CHAR(13),""),FIND(CHAR(10),SUBSTITUTE(A51,CHAR(13),"")&CHAR(10))-1)),FIND(".",(" "&LEFT(SUBSTITUTE(A51,CHAR(13),""),FIND(CHAR(10),SUBSTITUTE(A51,CHAR(13),"")&CHAR(10))-1)))))-LEN(SUBSTITUTE(LEFT((" "&LEFT(SUBSTITUTE(A51,CHAR(13),""),FIND(CHAR(10),SUBSTITUTE(A51,CHAR(13),"")&CHAR(10))-1)),FIND(".",(" "&LEFT(SUBSTITUTE(A51,CHAR(13),""),FIND(CHAR(10),SUBSTITUTE(A51,CHAR(13),"")&CHAR(10))-1))))," ",""))))+1),FIND(" ",(" "&LEFT(SUBSTITUTE(A51,CHAR(13),""),FIND(CHAR(10),SUBSTITUTE(A51,CHAR(13),"")&CHAR(10))-1))&" ",FIND(".",(" "&LEFT(SUBSTITUTE(A51,CHAR(13),""),FIND(CHAR(10),SUBSTITUTE(A51,CHAR(13),"")&CHAR(10))-1))))-(FIND("~",SUBSTITUTE(LEFT((" "&LEFT(SUBSTITUTE(A51,CHAR(13),""),FIND(CHAR(10),SUBSTITUTE(A51,CHAR(13),"")&CHAR(10))-1)),FIND(".",(" "&LEFT(SUBSTITUTE(A51,CHAR(13),""),FIND(CHAR(10),SUBSTITUTE(A51,CHAR(13),"")&CHAR(10))-1))))," ","~",LEN(LEFT((" "&LEFT(SUBSTITUTE(A51,CHAR(13),""),FIND(CHAR(10),SUBSTITUTE(A51,CHAR(13),"")&CHAR(10))-1)),FIND(".",(" "&LEFT(SUBSTITUTE(A51,CHAR(13),""),FIND(CHAR(10),SUBSTITUTE(A51,CHAR(13),"")&CHAR(10))-1)))))-LEN(SUBSTITUTE(LEFT((" "&LEFT(SUBSTITUTE(A51,CHAR(13),""),FIND(CHAR(10),SUBSTITUTE(A51,CHAR(13),"")&CHAR(10))-1)),FIND(".",(" "&LEFT(SUBSTITUTE(A51,CHAR(13),""),FIND(CHAR(10),SUBSTITUTE(A51,CHAR(13),"")&CHAR(10))-1))))," ",""))))+1)),""))
A52: =IFERROR(INDEX(Pegar!$A$3:$A$1002,MATCH(48,Pegar!$B$3:$B$1002,0))&IF(LEFT(INDEX(Pegar!$A$3:$A$1003,MATCH(48,Pegar!$B$3:$B$1002,0)+1),5)="DESC=",CHAR(10)&INDEX(Pegar!$A$3:$A$1003,MATCH(48,Pegar!$B$3:$B$1002,0)+1),""),"") | B52: =IF(TRIM(A52)="","",IFERROR(MID(SUBSTITUTE(SUBSTITUTE(A52,CHAR(10)," "),CHAR(13)," "),FIND(" MT"," "&SUBSTITUTE(SUBSTITUTE(A52,CHAR(10)," "),CHAR(13)," ")),FIND(" ",SUBSTITUTE(SUBSTITUTE(A52,CHAR(10)," "),CHAR(13)," ")&" ",FIND(" MT"," "&SUBSTITUTE(SUBSTITUTE(A52,CHAR(10)," "),CHAR(13)," ")))-FIND(" MT"," "&SUBSTITUTE(SUBSTITUTE(A52,CHAR(10)," "),CHAR(13)," "))),"MT no encontrado")) | C52: =IF(TRIM(A52)="","",IF(D52="",FALSE(),SUBSTITUTE(SUBSTITUTE(SUBSTITUTE(D52,".",""),"0",""),"-","")<>"")) | D52: =IF(TRIM(A52)="","",IFERROR(MID((" "&LEFT(SUBSTITUTE(A52,CHAR(13),""),FIND(CHAR(10),SUBSTITUTE(A52,CHAR(13),"")&CHAR(10))-1)),(FIND("~",SUBSTITUTE(LEFT((" "&LEFT(SUBSTITUTE(A52,CHAR(13),""),FIND(CHAR(10),SUBSTITUTE(A52,CHAR(13),"")&CHAR(10))-1)),FIND(".",(" "&LEFT(SUBSTITUTE(A52,CHAR(13),""),FIND(CHAR(10),SUBSTITUTE(A52,CHAR(13),"")&CHAR(10))-1))))," ","~",LEN(LEFT((" "&LEFT(SUBSTITUTE(A52,CHAR(13),""),FIND(CHAR(10),SUBSTITUTE(A52,CHAR(13),"")&CHAR(10))-1)),FIND(".",(" "&LEFT(SUBSTITUTE(A52,CHAR(13),""),FIND(CHAR(10),SUBSTITUTE(A52,CHAR(13),"")&CHAR(10))-1)))))-LEN(SUBSTITUTE(LEFT((" "&LEFT(SUBSTITUTE(A52,CHAR(13),""),FIND(CHAR(10),SUBSTITUTE(A52,CHAR(13),"")&CHAR(10))-1)),FIND(".",(" "&LEFT(SUBSTITUTE(A52,CHAR(13),""),FIND(CHAR(10),SUBSTITUTE(A52,CHAR(13),"")&CHAR(10))-1))))," ",""))))+1),FIND(" ",(" "&LEFT(SUBSTITUTE(A52,CHAR(13),""),FIND(CHAR(10),SUBSTITUTE(A52,CHAR(13),"")&CHAR(10))-1))&" ",FIND(".",(" "&LEFT(SUBSTITUTE(A52,CHAR(13),""),FIND(CHAR(10),SUBSTITUTE(A52,CHAR(13),"")&CHAR(10))-1))))-(FIND("~",SUBSTITUTE(LEFT((" "&LEFT(SUBSTITUTE(A52,CHAR(13),""),FIND(CHAR(10),SUBSTITUTE(A52,CHAR(13),"")&CHAR(10))-1)),FIND(".",(" "&LEFT(SUBSTITUTE(A52,CHAR(13),""),FIND(CHAR(10),SUBSTITUTE(A52,CHAR(13),"")&CHAR(10))-1))))," ","~",LEN(LEFT((" "&LEFT(SUBSTITUTE(A52,CHAR(13),""),FIND(CHAR(10),SUBSTITUTE(A52,CHAR(13),"")&CHAR(10))-1)),FIND(".",(" "&LEFT(SUBSTITUTE(A52,CHAR(13),""),FIND(CHAR(10),SUBSTITUTE(A52,CHAR(13),"")&CHAR(10))-1)))))-LEN(SUBSTITUTE(LEFT((" "&LEFT(SUBSTITUTE(A52,CHAR(13),""),FIND(CHAR(10),SUBSTITUTE(A52,CHAR(13),"")&CHAR(10))-1)),FIND(".",(" "&LEFT(SUBSTITUTE(A52,CHAR(13),""),FIND(CHAR(10),SUBSTITUTE(A52,CHAR(13),"")&CHAR(10))-1))))," ",""))))+1)),""))
A53: =IFERROR(INDEX(Pegar!$A$3:$A$1002,MATCH(49,Pegar!$B$3:$B$1002,0))&IF(LEFT(INDEX(Pegar!$A$3:$A$1003,MATCH(49,Pegar!$B$3:$B$1002,0)+1),5)="DESC=",CHAR(10)&INDEX(Pegar!$A$3:$A$1003,MATCH(49,Pegar!$B$3:$B$1002,0)+1),""),"") | B53: =IF(TRIM(A53)="","",IFERROR(MID(SUBSTITUTE(SUBSTITUTE(A53,CHAR(10)," "),CHAR(13)," "),FIND(" MT"," "&SUBSTITUTE(SUBSTITUTE(A53,CHAR(10)," "),CHAR(13)," ")),FIND(" ",SUBSTITUTE(SUBSTITUTE(A53,CHAR(10)," "),CHAR(13)," ")&" ",FIND(" MT"," "&SUBSTITUTE(SUBSTITUTE(A53,CHAR(10)," "),CHAR(13)," ")))-FIND(" MT"," "&SUBSTITUTE(SUBSTITUTE(A53,CHAR(10)," "),CHAR(13)," "))),"MT no encontrado")) | C53: =IF(TRIM(A53)="","",IF(D53="",FALSE(),SUBSTITUTE(SUBSTITUTE(SUBSTITUTE(D53,".",""),"0",""),"-","")<>"")) | D53: =IF(TRIM(A53)="","",IFERROR(MID((" "&LEFT(SUBSTITUTE(A53,CHAR(13),""),FIND(CHAR(10),SUBSTITUTE(A53,CHAR(13),"")&CHAR(10))-1)),(FIND("~",SUBSTITUTE(LEFT((" "&LEFT(SUBSTITUTE(A53,CHAR(13),""),FIND(CHAR(10),SUBSTITUTE(A53,CHAR(13),"")&CHAR(10))-1)),FIND(".",(" "&LEFT(SUBSTITUTE(A53,CHAR(13),""),FIND(CHAR(10),SUBSTITUTE(A53,CHAR(13),"")&CHAR(10))-1))))," ","~",LEN(LEFT((" "&LEFT(SUBSTITUTE(A53,CHAR(13),""),FIND(CHAR(10),SUBSTITUTE(A53,CHAR(13),"")&CHAR(10))-1)),FIND(".",(" "&LEFT(SUBSTITUTE(A53,CHAR(13),""),FIND(CHAR(10),SUBSTITUTE(A53,CHAR(13),"")&CHAR(10))-1)))))-LEN(SUBSTITUTE(LEFT((" "&LEFT(SUBSTITUTE(A53,CHAR(13),""),FIND(CHAR(10),SUBSTITUTE(A53,CHAR(13),"")&CHAR(10))-1)),FIND(".",(" "&LEFT(SUBSTITUTE(A53,CHAR(13),""),FIND(CHAR(10),SUBSTITUTE(A53,CHAR(13),"")&CHAR(10))-1))))," ",""))))+1),FIND(" ",(" "&LEFT(SUBSTITUTE(A53,CHAR(13),""),FIND(CHAR(10),SUBSTITUTE(A53,CHAR(13),"")&CHAR(10))-1))&" ",FIND(".",(" "&LEFT(SUBSTITUTE(A53,CHAR(13),""),FIND(CHAR(10),SUBSTITUTE(A53,CHAR(13),"")&CHAR(10))-1))))-(FIND("~",SUBSTITUTE(LEFT((" "&LEFT(SUBSTITUTE(A53,CHAR(13),""),FIND(CHAR(10),SUBSTITUTE(A53,CHAR(13),"")&CHAR(10))-1)),FIND(".",(" "&LEFT(SUBSTITUTE(A53,CHAR(13),""),FIND(CHAR(10),SUBSTITUTE(A53,CHAR(13),"")&CHAR(10))-1))))," ","~",LEN(LEFT((" "&LEFT(SUBSTITUTE(A53,CHAR(13),""),FIND(CHAR(10),SUBSTITUTE(A53,CHAR(13),"")&CHAR(10))-1)),FIND(".",(" "&LEFT(SUBSTITUTE(A53,CHAR(13),""),FIND(CHAR(10),SUBSTITUTE(A53,CHAR(13),"")&CHAR(10))-1)))))-LEN(SUBSTITUTE(LEFT((" "&LEFT(SUBSTITUTE(A53,CHAR(13),""),FIND(CHAR(10),SUBSTITUTE(A53,CHAR(13),"")&CHAR(10))-1)),FIND(".",(" "&LEFT(SUBSTITUTE(A53,CHAR(13),""),FIND(CHAR(10),SUBSTITUTE(A53,CHAR(13),"")&CHAR(10))-1))))," ",""))))+1)),""))
A54: =IFERROR(INDEX(Pegar!$A$3:$A$1002,MATCH(50,Pegar!$B$3:$B$1002,0))&IF(LEFT(INDEX(Pegar!$A$3:$A$1003,MATCH(50,Pegar!$B$3:$B$1002,0)+1),5)="DESC=",CHAR(10)&INDEX(Pegar!$A$3:$A$1003,MATCH(50,Pegar!$B$3:$B$1002,0)+1),""),"") | B54: =IF(TRIM(A54)="","",IFERROR(MID(SUBSTITUTE(SUBSTITUTE(A54,CHAR(10)," "),CHAR(13)," "),FIND(" MT"," "&SUBSTITUTE(SUBSTITUTE(A54,CHAR(10)," "),CHAR(13)," ")),FIND(" ",SUBSTITUTE(SUBSTITUTE(A54,CHAR(10)," "),CHAR(13)," ")&" ",FIND(" MT"," "&SUBSTITUTE(SUBSTITUTE(A54,CHAR(10)," "),CHAR(13)," ")))-FIND(" MT"," "&SUBSTITUTE(SUBSTITUTE(A54,CHAR(10)," "),CHAR(13)," "))),"MT no encontrado")) | C54: =IF(TRIM(A54)="","",IF(D54="",FALSE(),SUBSTITUTE(SUBSTITUTE(SUBSTITUTE(D54,".",""),"0",""),"-","")<>"")) | D54: =IF(TRIM(A54)="","",IFERROR(MID((" "&LEFT(SUBSTITUTE(A54,CHAR(13),""),FIND(CHAR(10),SUBSTITUTE(A54,CHAR(13),"")&CHAR(10))-1)),(FIND("~",SUBSTITUTE(LEFT((" "&LEFT(SUBSTITUTE(A54,CHAR(13),""),FIND(CHAR(10),SUBSTITUTE(A54,CHAR(13),"")&CHAR(10))-1)),FIND(".",(" "&LEFT(SUBSTITUTE(A54,CHAR(13),""),FIND(CHAR(10),SUBSTITUTE(A54,CHAR(13),"")&CHAR(10))-1))))," ","~",LEN(LEFT((" "&LEFT(SUBSTITUTE(A54,CHAR(13),""),FIND(CHAR(10),SUBSTITUTE(A54,CHAR(13),"")&CHAR(10))-1)),FIND(".",(" "&LEFT(SUBSTITUTE(A54,CHAR(13),""),FIND(CHAR(10),SUBSTITUTE(A54,CHAR(13),"")&CHAR(10))-1)))))-LEN(SUBSTITUTE(LEFT((" "&LEFT(SUBSTITUTE(A54,CHAR(13),""),FIND(CHAR(10),SUBSTITUTE(A54,CHAR(13),"")&CHAR(10))-1)),FIND(".",(" "&LEFT(SUBSTITUTE(A54,CHAR(13),""),FIND(CHAR(10),SUBSTITUTE(A54,CHAR(13),"")&CHAR(10))-1))))," ",""))))+1),FIND(" ",(" "&LEFT(SUBSTITUTE(A54,CHAR(13),""),FIND(CHAR(10),SUBSTITUTE(A54,CHAR(13),"")&CHAR(10))-1))&" ",FIND(".",(" "&LEFT(SUBSTITUTE(A54,CHAR(13),""),FIND(CHAR(10),SUBSTITUTE(A54,CHAR(13),"")&CHAR(10))-1))))-(FIND("~",SUBSTITUTE(LEFT((" "&LEFT(SUBSTITUTE(A54,CHAR(13),""),FIND(CHAR(10),SUBSTITUTE(A54,CHAR(13),"")&CHAR(10))-1)),FIND(".",(" "&LEFT(SUBSTITUTE(A54,CHAR(13),""),FIND(CHAR(10),SUBSTITUTE(A54,CHAR(13),"")&CHAR(10))-1))))," ","~",LEN(LEFT((" "&LEFT(SUBSTITUTE(A54,CHAR(13),""),FIND(CHAR(10),SUBSTITUTE(A54,CHAR(13),"")&CHAR(10))-1)),FIND(".",(" "&LEFT(SUBSTITUTE(A54,CHAR(13),""),FIND(CHAR(10),SUBSTITUTE(A54,CHAR(13),"")&CHAR(10))-1)))))-LEN(SUBSTITUTE(LEFT((" "&LEFT(SUBSTITUTE(A54,CHAR(13),""),FIND(CHAR(10),SUBSTITUTE(A54,CHAR(13),"")&CHAR(10))-1)),FIND(".",(" "&LEFT(SUBSTITUTE(A54,CHAR(13),""),FIND(CHAR(10),SUBSTITUTE(A54,CHAR(13),"")&CHAR(10))-1))))," ",""))))+1)),""))
A55: =IFERROR(INDEX(Pegar!$A$3:$A$1002,MATCH(51,Pegar!$B$3:$B$1002,0))&IF(LEFT(INDEX(Pegar!$A$3:$A$1003,MATCH(51,Pegar!$B$3:$B$1002,0)+1),5)="DESC=",CHAR(10)&INDEX(Pegar!$A$3:$A$1003,MATCH(51,Pegar!$B$3:$B$1002,0)+1),""),"") | B55: =IF(TRIM(A55)="","",IFERROR(MID(SUBSTITUTE(SUBSTITUTE(A55,CHAR(10)," "),CHAR(13)," "),FIND(" MT"," "&SUBSTITUTE(SUBSTITUTE(A55,CHAR(10)," "),CHAR(13)," ")),FIND(" ",SUBSTITUTE(SUBSTITUTE(A55,CHAR(10)," "),CHAR(13)," ")&" ",FIND(" MT"," "&SUBSTITUTE(SUBSTITUTE(A55,CHAR(10)," "),CHAR(13)," ")))-FIND(" MT"," "&SUBSTITUTE(SUBSTITUTE(A55,CHAR(10)," "),CHAR(13)," "))),"MT no encontrado")) | C55: =IF(TRIM(A55)="","",IF(D55="",FALSE(),SUBSTITUTE(SUBSTITUTE(SUBSTITUTE(D55,".",""),"0",""),"-","")<>"")) | D55: =IF(TRIM(A55)="","",IFERROR(MID((" "&LEFT(SUBSTITUTE(A55,CHAR(13),""),FIND(CHAR(10),SUBSTITUTE(A55,CHAR(13),"")&CHAR(10))-1)),(FIND("~",SUBSTITUTE(LEFT((" "&LEFT(SUBSTITUTE(A55,CHAR(13),""),FIND(CHAR(10),SUBSTITUTE(A55,CHAR(13),"")&CHAR(10))-1)),FIND(".",(" "&LEFT(SUBSTITUTE(A55,CHAR(13),""),FIND(CHAR(10),SUBSTITUTE(A55,CHAR(13),"")&CHAR(10))-1))))," ","~",LEN(LEFT((" "&LEFT(SUBSTITUTE(A55,CHAR(13),""),FIND(CHAR(10),SUBSTITUTE(A55,CHAR(13),"")&CHAR(10))-1)),FIND(".",(" "&LEFT(SUBSTITUTE(A55,CHAR(13),""),FIND(CHAR(10),SUBSTITUTE(A55,CHAR(13),"")&CHAR(10))-1)))))-LEN(SUBSTITUTE(LEFT((" "&LEFT(SUBSTITUTE(A55,CHAR(13),""),FIND(CHAR(10),SUBSTITUTE(A55,CHAR(13),"")&CHAR(10))-1)),FIND(".",(" "&LEFT(SUBSTITUTE(A55,CHAR(13),""),FIND(CHAR(10),SUBSTITUTE(A55,CHAR(13),"")&CHAR(10))-1))))," ",""))))+1),FIND(" ",(" "&LEFT(SUBSTITUTE(A55,CHAR(13),""),FIND(CHAR(10),SUBSTITUTE(A55,CHAR(13),"")&CHAR(10))-1))&" ",FIND(".",(" "&LEFT(SUBSTITUTE(A55,CHAR(13),""),FIND(CHAR(10),SUBSTITUTE(A55,CHAR(13),"")&CHAR(10))-1))))-(FIND("~",SUBSTITUTE(LEFT((" "&LEFT(SUBSTITUTE(A55,CHAR(13),""),FIND(CHAR(10),SUBSTITUTE(A55,CHAR(13),"")&CHAR(10))-1)),FIND(".",(" "&LEFT(SUBSTITUTE(A55,CHAR(13),""),FIND(CHAR(10),SUBSTITUTE(A55,CHAR(13),"")&CHAR(10))-1))))," ","~",LEN(LEFT((" "&LEFT(SUBSTITUTE(A55,CHAR(13),""),FIND(CHAR(10),SUBSTITUTE(A55,CHAR(13),"")&CHAR(10))-1)),FIND(".",(" "&LEFT(SUBSTITUTE(A55,CHAR(13),""),FIND(CHAR(10),SUBSTITUTE(A55,CHAR(13),"")&CHAR(10))-1)))))-LEN(SUBSTITUTE(LEFT((" "&LEFT(SUBSTITUTE(A55,CHAR(13),""),FIND(CHAR(10),SUBSTITUTE(A55,CHAR(13),"")&CHAR(10))-1)),FIND(".",(" "&LEFT(SUBSTITUTE(A55,CHAR(13),""),FIND(CHAR(10),SUBSTITUTE(A55,CHAR(13),"")&CHAR(10))-1))))," ",""))))+1)),""))
A56: =IFERROR(INDEX(Pegar!$A$3:$A$1002,MATCH(52,Pegar!$B$3:$B$1002,0))&IF(LEFT(INDEX(Pegar!$A$3:$A$1003,MATCH(52,Pegar!$B$3:$B$1002,0)+1),5)="DESC=",CHAR(10)&INDEX(Pegar!$A$3:$A$1003,MATCH(52,Pegar!$B$3:$B$1002,0)+1),""),"") | B56: =IF(TRIM(A56)="","",IFERROR(MID(SUBSTITUTE(SUBSTITUTE(A56,CHAR(10)," "),CHAR(13)," "),FIND(" MT"," "&SUBSTITUTE(SUBSTITUTE(A56,CHAR(10)," "),CHAR(13)," ")),FIND(" ",SUBSTITUTE(SUBSTITUTE(A56,CHAR(10)," "),CHAR(13)," ")&" ",FIND(" MT"," "&SUBSTITUTE(SUBSTITUTE(A56,CHAR(10)," "),CHAR(13)," ")))-FIND(" MT"," "&SUBSTITUTE(SUBSTITUTE(A56,CHAR(10)," "),CHAR(13)," "))),"MT no encontrado")) | C56: =IF(TRIM(A56)="","",IF(D56="",FALSE(),SUBSTITUTE(SUBSTITUTE(SUBSTITUTE(D56,".",""),"0",""),"-","")<>"")) | D56: =IF(TRIM(A56)="","",IFERROR(MID((" "&LEFT(SUBSTITUTE(A56,CHAR(13),""),FIND(CHAR(10),SUBSTITUTE(A56,CHAR(13),"")&CHAR(10))-1)),(FIND("~",SUBSTITUTE(LEFT((" "&LEFT(SUBSTITUTE(A56,CHAR(13),""),FIND(CHAR(10),SUBSTITUTE(A56,CHAR(13),"")&CHAR(10))-1)),FIND(".",(" "&LEFT(SUBSTITUTE(A56,CHAR(13),""),FIND(CHAR(10),SUBSTITUTE(A56,CHAR(13),"")&CHAR(10))-1))))," ","~",LEN(LEFT((" "&LEFT(SUBSTITUTE(A56,CHAR(13),""),FIND(CHAR(10),SUBSTITUTE(A56,CHAR(13),"")&CHAR(10))-1)),FIND(".",(" "&LEFT(SUBSTITUTE(A56,CHAR(13),""),FIND(CHAR(10),SUBSTITUTE(A56,CHAR(13),"")&CHAR(10))-1)))))-LEN(SUBSTITUTE(LEFT((" "&LEFT(SUBSTITUTE(A56,CHAR(13),""),FIND(CHAR(10),SUBSTITUTE(A56,CHAR(13),"")&CHAR(10))-1)),FIND(".",(" "&LEFT(SUBSTITUTE(A56,CHAR(13),""),FIND(CHAR(10),SUBSTITUTE(A56,CHAR(13),"")&CHAR(10))-1))))," ",""))))+1),FIND(" ",(" "&LEFT(SUBSTITUTE(A56,CHAR(13),""),FIND(CHAR(10),SUBSTITUTE(A56,CHAR(13),"")&CHAR(10))-1))&" ",FIND(".",(" "&LEFT(SUBSTITUTE(A56,CHAR(13),""),FIND(CHAR(10),SUBSTITUTE(A56,CHAR(13),"")&CHAR(10))-1))))-(FIND("~",SUBSTITUTE(LEFT((" "&LEFT(SUBSTITUTE(A56,CHAR(13),""),FIND(CHAR(10),SUBSTITUTE(A56,CHAR(13),"")&CHAR(10))-1)),FIND(".",(" "&LEFT(SUBSTITUTE(A56,CHAR(13),""),FIND(CHAR(10),SUBSTITUTE(A56,CHAR(13),"")&CHAR(10))-1))))," ","~",LEN(LEFT((" "&LEFT(SUBSTITUTE(A56,CHAR(13),""),FIND(CHAR(10),SUBSTITUTE(A56,CHAR(13),"")&CHAR(10))-1)),FIND(".",(" "&LEFT(SUBSTITUTE(A56,CHAR(13),""),FIND(CHAR(10),SUBSTITUTE(A56,CHAR(13),"")&CHAR(10))-1)))))-LEN(SUBSTITUTE(LEFT((" "&LEFT(SUBSTITUTE(A56,CHAR(13),""),FIND(CHAR(10),SUBSTITUTE(A56,CHAR(13),"")&CHAR(10))-1)),FIND(".",(" "&LEFT(SUBSTITUTE(A56,CHAR(13),""),FIND(CHAR(10),SUBSTITUTE(A56,CHAR(13),"")&CHAR(10))-1))))," ",""))))+1)),""))
A57: =IFERROR(INDEX(Pegar!$A$3:$A$1002,MATCH(53,Pegar!$B$3:$B$1002,0))&IF(LEFT(INDEX(Pegar!$A$3:$A$1003,MATCH(53,Pegar!$B$3:$B$1002,0)+1),5)="DESC=",CHAR(10)&INDEX(Pegar!$A$3:$A$1003,MATCH(53,Pegar!$B$3:$B$1002,0)+1),""),"") | B57: =IF(TRIM(A57)="","",IFERROR(MID(SUBSTITUTE(SUBSTITUTE(A57,CHAR(10)," "),CHAR(13)," "),FIND(" MT"," "&SUBSTITUTE(SUBSTITUTE(A57,CHAR(10)," "),CHAR(13)," ")),FIND(" ",SUBSTITUTE(SUBSTITUTE(A57,CHAR(10)," "),CHAR(13)," ")&" ",FIND(" MT"," "&SUBSTITUTE(SUBSTITUTE(A57,CHAR(10)," "),CHAR(13)," ")))-FIND(" MT"," "&SUBSTITUTE(SUBSTITUTE(A57,CHAR(10)," "),CHAR(13)," "))),"MT no encontrado")) | C57: =IF(TRIM(A57)="","",IF(D57="",FALSE(),SUBSTITUTE(SUBSTITUTE(SUBSTITUTE(D57,".",""),"0",""),"-","")<>"")) | D57: =IF(TRIM(A57)="","",IFERROR(MID((" "&LEFT(SUBSTITUTE(A57,CHAR(13),""),FIND(CHAR(10),SUBSTITUTE(A57,CHAR(13),"")&CHAR(10))-1)),(FIND("~",SUBSTITUTE(LEFT((" "&LEFT(SUBSTITUTE(A57,CHAR(13),""),FIND(CHAR(10),SUBSTITUTE(A57,CHAR(13),"")&CHAR(10))-1)),FIND(".",(" "&LEFT(SUBSTITUTE(A57,CHAR(13),""),FIND(CHAR(10),SUBSTITUTE(A57,CHAR(13),"")&CHAR(10))-1))))," ","~",LEN(LEFT((" "&LEFT(SUBSTITUTE(A57,CHAR(13),""),FIND(CHAR(10),SUBSTITUTE(A57,CHAR(13),"")&CHAR(10))-1)),FIND(".",(" "&LEFT(SUBSTITUTE(A57,CHAR(13),""),FIND(CHAR(10),SUBSTITUTE(A57,CHAR(13),"")&CHAR(10))-1)))))-LEN(SUBSTITUTE(LEFT((" "&LEFT(SUBSTITUTE(A57,CHAR(13),""),FIND(CHAR(10),SUBSTITUTE(A57,CHAR(13),"")&CHAR(10))-1)),FIND(".",(" "&LEFT(SUBSTITUTE(A57,CHAR(13),""),FIND(CHAR(10),SUBSTITUTE(A57,CHAR(13),"")&CHAR(10))-1))))," ",""))))+1),FIND(" ",(" "&LEFT(SUBSTITUTE(A57,CHAR(13),""),FIND(CHAR(10),SUBSTITUTE(A57,CHAR(13),"")&CHAR(10))-1))&" ",FIND(".",(" "&LEFT(SUBSTITUTE(A57,CHAR(13),""),FIND(CHAR(10),SUBSTITUTE(A57,CHAR(13),"")&CHAR(10))-1))))-(FIND("~",SUBSTITUTE(LEFT((" "&LEFT(SUBSTITUTE(A57,CHAR(13),""),FIND(CHAR(10),SUBSTITUTE(A57,CHAR(13),"")&CHAR(10))-1)),FIND(".",(" "&LEFT(SUBSTITUTE(A57,CHAR(13),""),FIND(CHAR(10),SUBSTITUTE(A57,CHAR(13),"")&CHAR(10))-1))))," ","~",LEN(LEFT((" "&LEFT(SUBSTITUTE(A57,CHAR(13),""),FIND(CHAR(10),SUBSTITUTE(A57,CHAR(13),"")&CHAR(10))-1)),FIND(".",(" "&LEFT(SUBSTITUTE(A57,CHAR(13),""),FIND(CHAR(10),SUBSTITUTE(A57,CHAR(13),"")&CHAR(10))-1)))))-LEN(SUBSTITUTE(LEFT((" "&LEFT(SUBSTITUTE(A57,CHAR(13),""),FIND(CHAR(10),SUBSTITUTE(A57,CHAR(13),"")&CHAR(10))-1)),FIND(".",(" "&LEFT(SUBSTITUTE(A57,CHAR(13),""),FIND(CHAR(10),SUBSTITUTE(A57,CHAR(13),"")&CHAR(10))-1))))," ",""))))+1)),""))
A58: =IFERROR(INDEX(Pegar!$A$3:$A$1002,MATCH(54,Pegar!$B$3:$B$1002,0))&IF(LEFT(INDEX(Pegar!$A$3:$A$1003,MATCH(54,Pegar!$B$3:$B$1002,0)+1),5)="DESC=",CHAR(10)&INDEX(Pegar!$A$3:$A$1003,MATCH(54,Pegar!$B$3:$B$1002,0)+1),""),"") | B58: =IF(TRIM(A58)="","",IFERROR(MID(SUBSTITUTE(SUBSTITUTE(A58,CHAR(10)," "),CHAR(13)," "),FIND(" MT"," "&SUBSTITUTE(SUBSTITUTE(A58,CHAR(10)," "),CHAR(13)," ")),FIND(" ",SUBSTITUTE(SUBSTITUTE(A58,CHAR(10)," "),CHAR(13)," ")&" ",FIND(" MT"," "&SUBSTITUTE(SUBSTITUTE(A58,CHAR(10)," "),CHAR(13)," ")))-FIND(" MT"," "&SUBSTITUTE(SUBSTITUTE(A58,CHAR(10)," "),CHAR(13)," "))),"MT no encontrado")) | C58: =IF(TRIM(A58)="","",IF(D58="",FALSE(),SUBSTITUTE(SUBSTITUTE(SUBSTITUTE(D58,".",""),"0",""),"-","")<>"")) | D58: =IF(TRIM(A58)="","",IFERROR(MID((" "&LEFT(SUBSTITUTE(A58,CHAR(13),""),FIND(CHAR(10),SUBSTITUTE(A58,CHAR(13),"")&CHAR(10))-1)),(FIND("~",SUBSTITUTE(LEFT((" "&LEFT(SUBSTITUTE(A58,CHAR(13),""),FIND(CHAR(10),SUBSTITUTE(A58,CHAR(13),"")&CHAR(10))-1)),FIND(".",(" "&LEFT(SUBSTITUTE(A58,CHAR(13),""),FIND(CHAR(10),SUBSTITUTE(A58,CHAR(13),"")&CHAR(10))-1))))," ","~",LEN(LEFT((" "&LEFT(SUBSTITUTE(A58,CHAR(13),""),FIND(CHAR(10),SUBSTITUTE(A58,CHAR(13),"")&CHAR(10))-1)),FIND(".",(" "&LEFT(SUBSTITUTE(A58,CHAR(13),""),FIND(CHAR(10),SUBSTITUTE(A58,CHAR(13),"")&CHAR(10))-1)))))-LEN(SUBSTITUTE(LEFT((" "&LEFT(SUBSTITUTE(A58,CHAR(13),""),FIND(CHAR(10),SUBSTITUTE(A58,CHAR(13),"")&CHAR(10))-1)),FIND(".",(" "&LEFT(SUBSTITUTE(A58,CHAR(13),""),FIND(CHAR(10),SUBSTITUTE(A58,CHAR(13),"")&CHAR(10))-1))))," ",""))))+1),FIND(" ",(" "&LEFT(SUBSTITUTE(A58,CHAR(13),""),FIND(CHAR(10),SUBSTITUTE(A58,CHAR(13),"")&CHAR(10))-1))&" ",FIND(".",(" "&LEFT(SUBSTITUTE(A58,CHAR(13),""),FIND(CHAR(10),SUBSTITUTE(A58,CHAR(13),"")&CHAR(10))-1))))-(FIND("~",SUBSTITUTE(LEFT((" "&LEFT(SUBSTITUTE(A58,CHAR(13),""),FIND(CHAR(10),SUBSTITUTE(A58,CHAR(13),"")&CHAR(10))-1)),FIND(".",(" "&LEFT(SUBSTITUTE(A58,CHAR(13),""),FIND(CHAR(10),SUBSTITUTE(A58,CHAR(13),"")&CHAR(10))-1))))," ","~",LEN(LEFT((" "&LEFT(SUBSTITUTE(A58,CHAR(13),""),FIND(CHAR(10),SUBSTITUTE(A58,CHAR(13),"")&CHAR(10))-1)),FIND(".",(" "&LEFT(SUBSTITUTE(A58,CHAR(13),""),FIND(CHAR(10),SUBSTITUTE(A58,CHAR(13),"")&CHAR(10))-1)))))-LEN(SUBSTITUTE(LEFT((" "&LEFT(SUBSTITUTE(A58,CHAR(13),""),FIND(CHAR(10),SUBSTITUTE(A58,CHAR(13),"")&CHAR(10))-1)),FIND(".",(" "&LEFT(SUBSTITUTE(A58,CHAR(13),""),FIND(CHAR(10),SUBSTITUTE(A58,CHAR(13),"")&CHAR(10))-1))))," ",""))))+1)),""))
A59: =IFERROR(INDEX(Pegar!$A$3:$A$1002,MATCH(55,Pegar!$B$3:$B$1002,0))&IF(LEFT(INDEX(Pegar!$A$3:$A$1003,MATCH(55,Pegar!$B$3:$B$1002,0)+1),5)="DESC=",CHAR(10)&INDEX(Pegar!$A$3:$A$1003,MATCH(55,Pegar!$B$3:$B$1002,0)+1),""),"") | B59: =IF(TRIM(A59)="","",IFERROR(MID(SUBSTITUTE(SUBSTITUTE(A59,CHAR(10)," "),CHAR(13)," "),FIND(" MT"," "&SUBSTITUTE(SUBSTITUTE(A59,CHAR(10)," "),CHAR(13)," ")),FIND(" ",SUBSTITUTE(SUBSTITUTE(A59,CHAR(10)," "),CHAR(13)," ")&" ",FIND(" MT"," "&SUBSTITUTE(SUBSTITUTE(A59,CHAR(10)," "),CHAR(13)," ")))-FIND(" MT"," "&SUBSTITUTE(SUBSTITUTE(A59,CHAR(10)," "),CHAR(13)," "))),"MT no encontrado")) | C59: =IF(TRIM(A59)="","",IF(D59="",FALSE(),SUBSTITUTE(SUBSTITUTE(SUBSTITUTE(D59,".",""),"0",""),"-","")<>"")) | D59: =IF(TRIM(A59)="","",IFERROR(MID((" "&LEFT(SUBSTITUTE(A59,CHAR(13),""),FIND(CHAR(10),SUBSTITUTE(A59,CHAR(13),"")&CHAR(10))-1)),(FIND("~",SUBSTITUTE(LEFT((" "&LEFT(SUBSTITUTE(A59,CHAR(13),""),FIND(CHAR(10),SUBSTITUTE(A59,CHAR(13),"")&CHAR(10))-1)),FIND(".",(" "&LEFT(SUBSTITUTE(A59,CHAR(13),""),FIND(CHAR(10),SUBSTITUTE(A59,CHAR(13),"")&CHAR(10))-1))))," ","~",LEN(LEFT((" "&LEFT(SUBSTITUTE(A59,CHAR(13),""),FIND(CHAR(10),SUBSTITUTE(A59,CHAR(13),"")&CHAR(10))-1)),FIND(".",(" "&LEFT(SUBSTITUTE(A59,CHAR(13),""),FIND(CHAR(10),SUBSTITUTE(A59,CHAR(13),"")&CHAR(10))-1)))))-LEN(SUBSTITUTE(LEFT((" "&LEFT(SUBSTITUTE(A59,CHAR(13),""),FIND(CHAR(10),SUBSTITUTE(A59,CHAR(13),"")&CHAR(10))-1)),FIND(".",(" "&LEFT(SUBSTITUTE(A59,CHAR(13),""),FIND(CHAR(10),SUBSTITUTE(A59,CHAR(13),"")&CHAR(10))-1))))," ",""))))+1),FIND(" ",(" "&LEFT(SUBSTITUTE(A59,CHAR(13),""),FIND(CHAR(10),SUBSTITUTE(A59,CHAR(13),"")&CHAR(10))-1))&" ",FIND(".",(" "&LEFT(SUBSTITUTE(A59,CHAR(13),""),FIND(CHAR(10),SUBSTITUTE(A59,CHAR(13),"")&CHAR(10))-1))))-(FIND("~",SUBSTITUTE(LEFT((" "&LEFT(SUBSTITUTE(A59,CHAR(13),""),FIND(CHAR(10),SUBSTITUTE(A59,CHAR(13),"")&CHAR(10))-1)),FIND(".",(" "&LEFT(SUBSTITUTE(A59,CHAR(13),""),FIND(CHAR(10),SUBSTITUTE(A59,CHAR(13),"")&CHAR(10))-1))))," ","~",LEN(LEFT((" "&LEFT(SUBSTITUTE(A59,CHAR(13),""),FIND(CHAR(10),SUBSTITUTE(A59,CHAR(13),"")&CHAR(10))-1)),FIND(".",(" "&LEFT(SUBSTITUTE(A59,CHAR(13),""),FIND(CHAR(10),SUBSTITUTE(A59,CHAR(13),"")&CHAR(10))-1)))))-LEN(SUBSTITUTE(LEFT((" "&LEFT(SUBSTITUTE(A59,CHAR(13),""),FIND(CHAR(10),SUBSTITUTE(A59,CHAR(13),"")&CHAR(10))-1)),FIND(".",(" "&LEFT(SUBSTITUTE(A59,CHAR(13),""),FIND(CHAR(10),SUBSTITUTE(A59,CHAR(13),"")&CHAR(10))-1))))," ",""))))+1)),""))
A60: =IFERROR(INDEX(Pegar!$A$3:$A$1002,MATCH(56,Pegar!$B$3:$B$1002,0))&IF(LEFT(INDEX(Pegar!$A$3:$A$1003,MATCH(56,Pegar!$B$3:$B$1002,0)+1),5)="DESC=",CHAR(10)&INDEX(Pegar!$A$3:$A$1003,MATCH(56,Pegar!$B$3:$B$1002,0)+1),""),"") | B60: =IF(TRIM(A60)="","",IFERROR(MID(SUBSTITUTE(SUBSTITUTE(A60,CHAR(10)," "),CHAR(13)," "),FIND(" MT"," "&SUBSTITUTE(SUBSTITUTE(A60,CHAR(10)," "),CHAR(13)," ")),FIND(" ",SUBSTITUTE(SUBSTITUTE(A60,CHAR(10)," "),CHAR(13)," ")&" ",FIND(" MT"," "&SUBSTITUTE(SUBSTITUTE(A60,CHAR(10)," "),CHAR(13)," ")))-FIND(" MT"," "&SUBSTITUTE(SUBSTITUTE(A60,CHAR(10)," "),CHAR(13)," "))),"MT no encontrado")) | C60: =IF(TRIM(A60)="","",IF(D60="",FALSE(),SUBSTITUTE(SUBSTITUTE(SUBSTITUTE(D60,".",""),"0",""),"-","")<>"")) | D60: =IF(TRIM(A60)="","",IFERROR(MID((" "&LEFT(SUBSTITUTE(A60,CHAR(13),""),FIND(CHAR(10),SUBSTITUTE(A60,CHAR(13),"")&CHAR(10))-1)),(FIND("~",SUBSTITUTE(LEFT((" "&LEFT(SUBSTITUTE(A60,CHAR(13),""),FIND(CHAR(10),SUBSTITUTE(A60,CHAR(13),"")&CHAR(10))-1)),FIND(".",(" "&LEFT(SUBSTITUTE(A60,CHAR(13),""),FIND(CHAR(10),SUBSTITUTE(A60,CHAR(13),"")&CHAR(10))-1))))," ","~",LEN(LEFT((" "&LEFT(SUBSTITUTE(A60,CHAR(13),""),FIND(CHAR(10),SUBSTITUTE(A60,CHAR(13),"")&CHAR(10))-1)),FIND(".",(" "&LEFT(SUBSTITUTE(A60,CHAR(13),""),FIND(CHAR(10),SUBSTITUTE(A60,CHAR(13),"")&CHAR(10))-1)))))-LEN(SUBSTITUTE(LEFT((" "&LEFT(SUBSTITUTE(A60,CHAR(13),""),FIND(CHAR(10),SUBSTITUTE(A60,CHAR(13),"")&CHAR(10))-1)),FIND(".",(" "&LEFT(SUBSTITUTE(A60,CHAR(13),""),FIND(CHAR(10),SUBSTITUTE(A60,CHAR(13),"")&CHAR(10))-1))))," ",""))))+1),FIND(" ",(" "&LEFT(SUBSTITUTE(A60,CHAR(13),""),FIND(CHAR(10),SUBSTITUTE(A60,CHAR(13),"")&CHAR(10))-1))&" ",FIND(".",(" "&LEFT(SUBSTITUTE(A60,CHAR(13),""),FIND(CHAR(10),SUBSTITUTE(A60,CHAR(13),"")&CHAR(10))-1))))-(FIND("~",SUBSTITUTE(LEFT((" "&LEFT(SUBSTITUTE(A60,CHAR(13),""),FIND(CHAR(10),SUBSTITUTE(A60,CHAR(13),"")&CHAR(10))-1)),FIND(".",(" "&LEFT(SUBSTITUTE(A60,CHAR(13),""),FIND(CHAR(10),SUBSTITUTE(A60,CHAR(13),"")&CHAR(10))-1))))," ","~",LEN(LEFT((" "&LEFT(SUBSTITUTE(A60,CHAR(13),""),FIND(CHAR(10),SUBSTITUTE(A60,CHAR(13),"")&CHAR(10))-1)),FIND(".",(" "&LEFT(SUBSTITUTE(A60,CHAR(13),""),FIND(CHAR(10),SUBSTITUTE(A60,CHAR(13),"")&CHAR(10))-1)))))-LEN(SUBSTITUTE(LEFT((" "&LEFT(SUBSTITUTE(A60,CHAR(13),""),FIND(CHAR(10),SUBSTITUTE(A60,CHAR(13),"")&CHAR(10))-1)),FIND(".",(" "&LEFT(SUBSTITUTE(A60,CHAR(13),""),FIND(CHAR(10),SUBSTITUTE(A60,CHAR(13),"")&CHAR(10))-1))))," ",""))))+1)),""))
A61: =IFERROR(INDEX(Pegar!$A$3:$A$1002,MATCH(57,Pegar!$B$3:$B$1002,0))&IF(LEFT(INDEX(Pegar!$A$3:$A$1003,MATCH(57,Pegar!$B$3:$B$1002,0)+1),5)="DESC=",CHAR(10)&INDEX(Pegar!$A$3:$A$1003,MATCH(57,Pegar!$B$3:$B$1002,0)+1),""),"") | B61: =IF(TRIM(A61)="","",IFERROR(MID(SUBSTITUTE(SUBSTITUTE(A61,CHAR(10)," "),CHAR(13)," "),FIND(" MT"," "&SUBSTITUTE(SUBSTITUTE(A61,CHAR(10)," "),CHAR(13)," ")),FIND(" ",SUBSTITUTE(SUBSTITUTE(A61,CHAR(10)," "),CHAR(13)," ")&" ",FIND(" MT"," "&SUBSTITUTE(SUBSTITUTE(A61,CHAR(10)," "),CHAR(13)," ")))-FIND(" MT"," "&SUBSTITUTE(SUBSTITUTE(A61,CHAR(10)," "),CHAR(13)," "))),"MT no encontrado")) | C61: =IF(TRIM(A61)="","",IF(D61="",FALSE(),SUBSTITUTE(SUBSTITUTE(SUBSTITUTE(D61,".",""),"0",""),"-","")<>"")) | D61: =IF(TRIM(A61)="","",IFERROR(MID((" "&LEFT(SUBSTITUTE(A61,CHAR(13),""),FIND(CHAR(10),SUBSTITUTE(A61,CHAR(13),"")&CHAR(10))-1)),(FIND("~",SUBSTITUTE(LEFT((" "&LEFT(SUBSTITUTE(A61,CHAR(13),""),FIND(CHAR(10),SUBSTITUTE(A61,CHAR(13),"")&CHAR(10))-1)),FIND(".",(" "&LEFT(SUBSTITUTE(A61,CHAR(13),""),FIND(CHAR(10),SUBSTITUTE(A61,CHAR(13),"")&CHAR(10))-1))))," ","~",LEN(LEFT((" "&LEFT(SUBSTITUTE(A61,CHAR(13),""),FIND(CHAR(10),SUBSTITUTE(A61,CHAR(13),"")&CHAR(10))-1)),FIND(".",(" "&LEFT(SUBSTITUTE(A61,CHAR(13),""),FIND(CHAR(10),SUBSTITUTE(A61,CHAR(13),"")&CHAR(10))-1)))))-LEN(SUBSTITUTE(LEFT((" "&LEFT(SUBSTITUTE(A61,CHAR(13),""),FIND(CHAR(10),SUBSTITUTE(A61,CHAR(13),"")&CHAR(10))-1)),FIND(".",(" "&LEFT(SUBSTITUTE(A61,CHAR(13),""),FIND(CHAR(10),SUBSTITUTE(A61,CHAR(13),"")&CHAR(10))-1))))," ",""))))+1),FIND(" ",(" "&LEFT(SUBSTITUTE(A61,CHAR(13),""),FIND(CHAR(10),SUBSTITUTE(A61,CHAR(13),"")&CHAR(10))-1))&" ",FIND(".",(" "&LEFT(SUBSTITUTE(A61,CHAR(13),""),FIND(CHAR(10),SUBSTITUTE(A61,CHAR(13),"")&CHAR(10))-1))))-(FIND("~",SUBSTITUTE(LEFT((" "&LEFT(SUBSTITUTE(A61,CHAR(13),""),FIND(CHAR(10),SUBSTITUTE(A61,CHAR(13),"")&CHAR(10))-1)),FIND(".",(" "&LEFT(SUBSTITUTE(A61,CHAR(13),""),FIND(CHAR(10),SUBSTITUTE(A61,CHAR(13),"")&CHAR(10))-1))))," ","~",LEN(LEFT((" "&LEFT(SUBSTITUTE(A61,CHAR(13),""),FIND(CHAR(10),SUBSTITUTE(A61,CHAR(13),"")&CHAR(10))-1)),FIND(".",(" "&LEFT(SUBSTITUTE(A61,CHAR(13),""),FIND(CHAR(10),SUBSTITUTE(A61,CHAR(13),"")&CHAR(10))-1)))))-LEN(SUBSTITUTE(LEFT((" "&LEFT(SUBSTITUTE(A61,CHAR(13),""),FIND(CHAR(10),SUBSTITUTE(A61,CHAR(13),"")&CHAR(10))-1)),FIND(".",(" "&LEFT(SUBSTITUTE(A61,CHAR(13),""),FIND(CHAR(10),SUBSTITUTE(A61,CHAR(13),"")&CHAR(10))-1))))," ",""))))+1)),""))
A62: =IFERROR(INDEX(Pegar!$A$3:$A$1002,MATCH(58,Pegar!$B$3:$B$1002,0))&IF(LEFT(INDEX(Pegar!$A$3:$A$1003,MATCH(58,Pegar!$B$3:$B$1002,0)+1),5)="DESC=",CHAR(10)&INDEX(Pegar!$A$3:$A$1003,MATCH(58,Pegar!$B$3:$B$1002,0)+1),""),"") | B62: =IF(TRIM(A62)="","",IFERROR(MID(SUBSTITUTE(SUBSTITUTE(A62,CHAR(10)," "),CHAR(13)," "),FIND(" MT"," "&SUBSTITUTE(SUBSTITUTE(A62,CHAR(10)," "),CHAR(13)," ")),FIND(" ",SUBSTITUTE(SUBSTITUTE(A62,CHAR(10)," "),CHAR(13)," ")&" ",FIND(" MT"," "&SUBSTITUTE(SUBSTITUTE(A62,CHAR(10)," "),CHAR(13)," ")))-FIND(" MT"," "&SUBSTITUTE(SUBSTITUTE(A62,CHAR(10)," "),CHAR(13)," "))),"MT no encontrado")) | C62: =IF(TRIM(A62)="","",IF(D62="",FALSE(),SUBSTITUTE(SUBSTITUTE(SUBSTITUTE(D62,".",""),"0",""),"-","")<>"")) | D62: =IF(TRIM(A62)="","",IFERROR(MID((" "&LEFT(SUBSTITUTE(A62,CHAR(13),""),FIND(CHAR(10),SUBSTITUTE(A62,CHAR(13),"")&CHAR(10))-1)),(FIND("~",SUBSTITUTE(LEFT((" "&LEFT(SUBSTITUTE(A62,CHAR(13),""),FIND(CHAR(10),SUBSTITUTE(A62,CHAR(13),"")&CHAR(10))-1)),FIND(".",(" "&LEFT(SUBSTITUTE(A62,CHAR(13),""),FIND(CHAR(10),SUBSTITUTE(A62,CHAR(13),"")&CHAR(10))-1))))," ","~",LEN(LEFT((" "&LEFT(SUBSTITUTE(A62,CHAR(13),""),FIND(CHAR(10),SUBSTITUTE(A62,CHAR(13),"")&CHAR(10))-1)),FIND(".",(" "&LEFT(SUBSTITUTE(A62,CHAR(13),""),FIND(CHAR(10),SUBSTITUTE(A62,CHAR(13),"")&CHAR(10))-1)))))-LEN(SUBSTITUTE(LEFT((" "&LEFT(SUBSTITUTE(A62,CHAR(13),""),FIND(CHAR(10),SUBSTITUTE(A62,CHAR(13),"")&CHAR(10))-1)),FIND(".",(" "&LEFT(SUBSTITUTE(A62,CHAR(13),""),FIND(CHAR(10),SUBSTITUTE(A62,CHAR(13),"")&CHAR(10))-1))))," ",""))))+1),FIND(" ",(" "&LEFT(SUBSTITUTE(A62,CHAR(13),""),FIND(CHAR(10),SUBSTITUTE(A62,CHAR(13),"")&CHAR(10))-1))&" ",FIND(".",(" "&LEFT(SUBSTITUTE(A62,CHAR(13),""),FIND(CHAR(10),SUBSTITUTE(A62,CHAR(13),"")&CHAR(10))-1))))-(FIND("~",SUBSTITUTE(LEFT((" "&LEFT(SUBSTITUTE(A62,CHAR(13),""),FIND(CHAR(10),SUBSTITUTE(A62,CHAR(13),"")&CHAR(10))-1)),FIND(".",(" "&LEFT(SUBSTITUTE(A62,CHAR(13),""),FIND(CHAR(10),SUBSTITUTE(A62,CHAR(13),"")&CHAR(10))-1))))," ","~",LEN(LEFT((" "&LEFT(SUBSTITUTE(A62,CHAR(13),""),FIND(CHAR(10),SUBSTITUTE(A62,CHAR(13),"")&CHAR(10))-1)),FIND(".",(" "&LEFT(SUBSTITUTE(A62,CHAR(13),""),FIND(CHAR(10),SUBSTITUTE(A62,CHAR(13),"")&CHAR(10))-1)))))-LEN(SUBSTITUTE(LEFT((" "&LEFT(SUBSTITUTE(A62,CHAR(13),""),FIND(CHAR(10),SUBSTITUTE(A62,CHAR(13),"")&CHAR(10))-1)),FIND(".",(" "&LEFT(SUBSTITUTE(A62,CHAR(13),""),FIND(CHAR(10),SUBSTITUTE(A62,CHAR(13),"")&CHAR(10))-1))))," ",""))))+1)),""))
A63: =IFERROR(INDEX(Pegar!$A$3:$A$1002,MATCH(59,Pegar!$B$3:$B$1002,0))&IF(LEFT(INDEX(Pegar!$A$3:$A$1003,MATCH(59,Pegar!$B$3:$B$1002,0)+1),5)="DESC=",CHAR(10)&INDEX(Pegar!$A$3:$A$1003,MATCH(59,Pegar!$B$3:$B$1002,0)+1),""),"") | B63: =IF(TRIM(A63)="","",IFERROR(MID(SUBSTITUTE(SUBSTITUTE(A63,CHAR(10)," "),CHAR(13)," "),FIND(" MT"," "&SUBSTITUTE(SUBSTITUTE(A63,CHAR(10)," "),CHAR(13)," ")),FIND(" ",SUBSTITUTE(SUBSTITUTE(A63,CHAR(10)," "),CHAR(13)," ")&" ",FIND(" MT"," "&SUBSTITUTE(SUBSTITUTE(A63,CHAR(10)," "),CHAR(13)," ")))-FIND(" MT"," "&SUBSTITUTE(SUBSTITUTE(A63,CHAR(10)," "),CHAR(13)," "))),"MT no encontrado")) | C63: =IF(TRIM(A63)="","",IF(D63="",FALSE(),SUBSTITUTE(SUBSTITUTE(SUBSTITUTE(D63,".",""),"0",""),"-","")<>"")) | D63: =IF(TRIM(A63)="","",IFERROR(MID((" "&LEFT(SUBSTITUTE(A63,CHAR(13),""),FIND(CHAR(10),SUBSTITUTE(A63,CHAR(13),"")&CHAR(10))-1)),(FIND("~",SUBSTITUTE(LEFT((" "&LEFT(SUBSTITUTE(A63,CHAR(13),""),FIND(CHAR(10),SUBSTITUTE(A63,CHAR(13),"")&CHAR(10))-1)),FIND(".",(" "&LEFT(SUBSTITUTE(A63,CHAR(13),""),FIND(CHAR(10),SUBSTITUTE(A63,CHAR(13),"")&CHAR(10))-1))))," ","~",LEN(LEFT((" "&LEFT(SUBSTITUTE(A63,CHAR(13),""),FIND(CHAR(10),SUBSTITUTE(A63,CHAR(13),"")&CHAR(10))-1)),FIND(".",(" "&LEFT(SUBSTITUTE(A63,CHAR(13),""),FIND(CHAR(10),SUBSTITUTE(A63,CHAR(13),"")&CHAR(10))-1)))))-LEN(SUBSTITUTE(LEFT((" "&LEFT(SUBSTITUTE(A63,CHAR(13),""),FIND(CHAR(10),SUBSTITUTE(A63,CHAR(13),"")&CHAR(10))-1)),FIND(".",(" "&LEFT(SUBSTITUTE(A63,CHAR(13),""),FIND(CHAR(10),SUBSTITUTE(A63,CHAR(13),"")&CHAR(10))-1))))," ",""))))+1),FIND(" ",(" "&LEFT(SUBSTITUTE(A63,CHAR(13),""),FIND(CHAR(10),SUBSTITUTE(A63,CHAR(13),"")&CHAR(10))-1))&" ",FIND(".",(" "&LEFT(SUBSTITUTE(A63,CHAR(13),""),FIND(CHAR(10),SUBSTITUTE(A63,CHAR(13),"")&CHAR(10))-1))))-(FIND("~",SUBSTITUTE(LEFT((" "&LEFT(SUBSTITUTE(A63,CHAR(13),""),FIND(CHAR(10),SUBSTITUTE(A63,CHAR(13),"")&CHAR(10))-1)),FIND(".",(" "&LEFT(SUBSTITUTE(A63,CHAR(13),""),FIND(CHAR(10),SUBSTITUTE(A63,CHAR(13),"")&CHAR(10))-1))))," ","~",LEN(LEFT((" "&LEFT(SUBSTITUTE(A63,CHAR(13),""),FIND(CHAR(10),SUBSTITUTE(A63,CHAR(13),"")&CHAR(10))-1)),FIND(".",(" "&LEFT(SUBSTITUTE(A63,CHAR(13),""),FIND(CHAR(10),SUBSTITUTE(A63,CHAR(13),"")&CHAR(10))-1)))))-LEN(SUBSTITUTE(LEFT((" "&LEFT(SUBSTITUTE(A63,CHAR(13),""),FIND(CHAR(10),SUBSTITUTE(A63,CHAR(13),"")&CHAR(10))-1)),FIND(".",(" "&LEFT(SUBSTITUTE(A63,CHAR(13),""),FIND(CHAR(10),SUBSTITUTE(A63,CHAR(13),"")&CHAR(10))-1))))," ",""))))+1)),""))
A64: =IFERROR(INDEX(Pegar!$A$3:$A$1002,MATCH(60,Pegar!$B$3:$B$1002,0))&IF(LEFT(INDEX(Pegar!$A$3:$A$1003,MATCH(60,Pegar!$B$3:$B$1002,0)+1),5)="DESC=",CHAR(10)&INDEX(Pegar!$A$3:$A$1003,MATCH(60,Pegar!$B$3:$B$1002,0)+1),""),"") | B64: =IF(TRIM(A64)="","",IFERROR(MID(SUBSTITUTE(SUBSTITUTE(A64,CHAR(10)," "),CHAR(13)," "),FIND(" MT"," "&SUBSTITUTE(SUBSTITUTE(A64,CHAR(10)," "),CHAR(13)," ")),FIND(" ",SUBSTITUTE(SUBSTITUTE(A64,CHAR(10)," "),CHAR(13)," ")&" ",FIND(" MT"," "&SUBSTITUTE(SUBSTITUTE(A64,CHAR(10)," "),CHAR(13)," ")))-FIND(" MT"," "&SUBSTITUTE(SUBSTITUTE(A64,CHAR(10)," "),CHAR(13)," "))),"MT no encontrado")) | C64: =IF(TRIM(A64)="","",IF(D64="",FALSE(),SUBSTITUTE(SUBSTITUTE(SUBSTITUTE(D64,".",""),"0",""),"-","")<>"")) | D64: =IF(TRIM(A64)="","",IFERROR(MID((" "&LEFT(SUBSTITUTE(A64,CHAR(13),""),FIND(CHAR(10),SUBSTITUTE(A64,CHAR(13),"")&CHAR(10))-1)),(FIND("~",SUBSTITUTE(LEFT((" "&LEFT(SUBSTITUTE(A64,CHAR(13),""),FIND(CHAR(10),SUBSTITUTE(A64,CHAR(13),"")&CHAR(10))-1)),FIND(".",(" "&LEFT(SUBSTITUTE(A64,CHAR(13),""),FIND(CHAR(10),SUBSTITUTE(A64,CHAR(13),"")&CHAR(10))-1))))," ","~",LEN(LEFT((" "&LEFT(SUBSTITUTE(A64,CHAR(13),""),FIND(CHAR(10),SUBSTITUTE(A64,CHAR(13),"")&CHAR(10))-1)),FIND(".",(" "&LEFT(SUBSTITUTE(A64,CHAR(13),""),FIND(CHAR(10),SUBSTITUTE(A64,CHAR(13),"")&CHAR(10))-1)))))-LEN(SUBSTITUTE(LEFT((" "&LEFT(SUBSTITUTE(A64,CHAR(13),""),FIND(CHAR(10),SUBSTITUTE(A64,CHAR(13),"")&CHAR(10))-1)),FIND(".",(" "&LEFT(SUBSTITUTE(A64,CHAR(13),""),FIND(CHAR(10),SUBSTITUTE(A64,CHAR(13),"")&CHAR(10))-1))))," ",""))))+1),FIND(" ",(" "&LEFT(SUBSTITUTE(A64,CHAR(13),""),FIND(CHAR(10),SUBSTITUTE(A64,CHAR(13),"")&CHAR(10))-1))&" ",FIND(".",(" "&LEFT(SUBSTITUTE(A64,CHAR(13),""),FIND(CHAR(10),SUBSTITUTE(A64,CHAR(13),"")&CHAR(10))-1))))-(FIND("~",SUBSTITUTE(LEFT((" "&LEFT(SUBSTITUTE(A64,CHAR(13),""),FIND(CHAR(10),SUBSTITUTE(A64,CHAR(13),"")&CHAR(10))-1)),FIND(".",(" "&LEFT(SUBSTITUTE(A64,CHAR(13),""),FIND(CHAR(10),SUBSTITUTE(A64,CHAR(13),"")&CHAR(10))-1))))," ","~",LEN(LEFT((" "&LEFT(SUBSTITUTE(A64,CHAR(13),""),FIND(CHAR(10),SUBSTITUTE(A64,CHAR(13),"")&CHAR(10))-1)),FIND(".",(" "&LEFT(SUBSTITUTE(A64,CHAR(13),""),FIND(CHAR(10),SUBSTITUTE(A64,CHAR(13),"")&CHAR(10))-1)))))-LEN(SUBSTITUTE(LEFT((" "&LEFT(SUBSTITUTE(A64,CHAR(13),""),FIND(CHAR(10),SUBSTITUTE(A64,CHAR(13),"")&CHAR(10))-1)),FIND(".",(" "&LEFT(SUBSTITUTE(A64,CHAR(13),""),FIND(CHAR(10),SUBSTITUTE(A64,CHAR(13),"")&CHAR(10))-1))))," ",""))))+1)),""))
A65: =IFERROR(INDEX(Pegar!$A$3:$A$1002,MATCH(61,Pegar!$B$3:$B$1002,0))&IF(LEFT(INDEX(Pegar!$A$3:$A$1003,MATCH(61,Pegar!$B$3:$B$1002,0)+1),5)="DESC=",CHAR(10)&INDEX(Pegar!$A$3:$A$1003,MATCH(61,Pegar!$B$3:$B$1002,0)+1),""),"") | B65: =IF(TRIM(A65)="","",IFERROR(MID(SUBSTITUTE(SUBSTITUTE(A65,CHAR(10)," "),CHAR(13)," "),FIND(" MT"," "&SUBSTITUTE(SUBSTITUTE(A65,CHAR(10)," "),CHAR(13)," ")),FIND(" ",SUBSTITUTE(SUBSTITUTE(A65,CHAR(10)," "),CHAR(13)," ")&" ",FIND(" MT"," "&SUBSTITUTE(SUBSTITUTE(A65,CHAR(10)," "),CHAR(13)," ")))-FIND(" MT"," "&SUBSTITUTE(SUBSTITUTE(A65,CHAR(10)," "),CHAR(13)," "))),"MT no encontrado")) | C65: =IF(TRIM(A65)="","",IF(D65="",FALSE(),SUBSTITUTE(SUBSTITUTE(SUBSTITUTE(D65,".",""),"0",""),"-","")<>"")) | D65: =IF(TRIM(A65)="","",IFERROR(MID((" "&LEFT(SUBSTITUTE(A65,CHAR(13),""),FIND(CHAR(10),SUBSTITUTE(A65,CHAR(13),"")&CHAR(10))-1)),(FIND("~",SUBSTITUTE(LEFT((" "&LEFT(SUBSTITUTE(A65,CHAR(13),""),FIND(CHAR(10),SUBSTITUTE(A65,CHAR(13),"")&CHAR(10))-1)),FIND(".",(" "&LEFT(SUBSTITUTE(A65,CHAR(13),""),FIND(CHAR(10),SUBSTITUTE(A65,CHAR(13),"")&CHAR(10))-1))))," ","~",LEN(LEFT((" "&LEFT(SUBSTITUTE(A65,CHAR(13),""),FIND(CHAR(10),SUBSTITUTE(A65,CHAR(13),"")&CHAR(10))-1)),FIND(".",(" "&LEFT(SUBSTITUTE(A65,CHAR(13),""),FIND(CHAR(10),SUBSTITUTE(A65,CHAR(13),"")&CHAR(10))-1)))))-LEN(SUBSTITUTE(LEFT((" "&LEFT(SUBSTITUTE(A65,CHAR(13),""),FIND(CHAR(10),SUBSTITUTE(A65,CHAR(13),"")&CHAR(10))-1)),FIND(".",(" "&LEFT(SUBSTITUTE(A65,CHAR(13),""),FIND(CHAR(10),SUBSTITUTE(A65,CHAR(13),"")&CHAR(10))-1))))," ",""))))+1),FIND(" ",(" "&LEFT(SUBSTITUTE(A65,CHAR(13),""),FIND(CHAR(10),SUBSTITUTE(A65,CHAR(13),"")&CHAR(10))-1))&" ",FIND(".",(" "&LEFT(SUBSTITUTE(A65,CHAR(13),""),FIND(CHAR(10),SUBSTITUTE(A65,CHAR(13),"")&CHAR(10))-1))))-(FIND("~",SUBSTITUTE(LEFT((" "&LEFT(SUBSTITUTE(A65,CHAR(13),""),FIND(CHAR(10),SUBSTITUTE(A65,CHAR(13),"")&CHAR(10))-1)),FIND(".",(" "&LEFT(SUBSTITUTE(A65,CHAR(13),""),FIND(CHAR(10),SUBSTITUTE(A65,CHAR(13),"")&CHAR(10))-1))))," ","~",LEN(LEFT((" "&LEFT(SUBSTITUTE(A65,CHAR(13),""),FIND(CHAR(10),SUBSTITUTE(A65,CHAR(13),"")&CHAR(10))-1)),FIND(".",(" "&LEFT(SUBSTITUTE(A65,CHAR(13),""),FIND(CHAR(10),SUBSTITUTE(A65,CHAR(13),"")&CHAR(10))-1)))))-LEN(SUBSTITUTE(LEFT((" "&LEFT(SUBSTITUTE(A65,CHAR(13),""),FIND(CHAR(10),SUBSTITUTE(A65,CHAR(13),"")&CHAR(10))-1)),FIND(".",(" "&LEFT(SUBSTITUTE(A65,CHAR(13),""),FIND(CHAR(10),SUBSTITUTE(A65,CHAR(13),"")&CHAR(10))-1))))," ",""))))+1)),""))
A66: =IFERROR(INDEX(Pegar!$A$3:$A$1002,MATCH(62,Pegar!$B$3:$B$1002,0))&IF(LEFT(INDEX(Pegar!$A$3:$A$1003,MATCH(62,Pegar!$B$3:$B$1002,0)+1),5)="DESC=",CHAR(10)&INDEX(Pegar!$A$3:$A$1003,MATCH(62,Pegar!$B$3:$B$1002,0)+1),""),"") | B66: =IF(TRIM(A66)="","",IFERROR(MID(SUBSTITUTE(SUBSTITUTE(A66,CHAR(10)," "),CHAR(13)," "),FIND(" MT"," "&SUBSTITUTE(SUBSTITUTE(A66,CHAR(10)," "),CHAR(13)," ")),FIND(" ",SUBSTITUTE(SUBSTITUTE(A66,CHAR(10)," "),CHAR(13)," ")&" ",FIND(" MT"," "&SUBSTITUTE(SUBSTITUTE(A66,CHAR(10)," "),CHAR(13)," ")))-FIND(" MT"," "&SUBSTITUTE(SUBSTITUTE(A66,CHAR(10)," "),CHAR(13)," "))),"MT no encontrado")) | C66: =IF(TRIM(A66)="","",IF(D66="",FALSE(),SUBSTITUTE(SUBSTITUTE(SUBSTITUTE(D66,".",""),"0",""),"-","")<>"")) | D66: =IF(TRIM(A66)="","",IFERROR(MID((" "&LEFT(SUBSTITUTE(A66,CHAR(13),""),FIND(CHAR(10),SUBSTITUTE(A66,CHAR(13),"")&CHAR(10))-1)),(FIND("~",SUBSTITUTE(LEFT((" "&LEFT(SUBSTITUTE(A66,CHAR(13),""),FIND(CHAR(10),SUBSTITUTE(A66,CHAR(13),"")&CHAR(10))-1)),FIND(".",(" "&LEFT(SUBSTITUTE(A66,CHAR(13),""),FIND(CHAR(10),SUBSTITUTE(A66,CHAR(13),"")&CHAR(10))-1))))," ","~",LEN(LEFT((" "&LEFT(SUBSTITUTE(A66,CHAR(13),""),FIND(CHAR(10),SUBSTITUTE(A66,CHAR(13),"")&CHAR(10))-1)),FIND(".",(" "&LEFT(SUBSTITUTE(A66,CHAR(13),""),FIND(CHAR(10),SUBSTITUTE(A66,CHAR(13),"")&CHAR(10))-1)))))-LEN(SUBSTITUTE(LEFT((" "&LEFT(SUBSTITUTE(A66,CHAR(13),""),FIND(CHAR(10),SUBSTITUTE(A66,CHAR(13),"")&CHAR(10))-1)),FIND(".",(" "&LEFT(SUBSTITUTE(A66,CHAR(13),""),FIND(CHAR(10),SUBSTITUTE(A66,CHAR(13),"")&CHAR(10))-1))))," ",""))))+1),FIND(" ",(" "&LEFT(SUBSTITUTE(A66,CHAR(13),""),FIND(CHAR(10),SUBSTITUTE(A66,CHAR(13),"")&CHAR(10))-1))&" ",FIND(".",(" "&LEFT(SUBSTITUTE(A66,CHAR(13),""),FIND(CHAR(10),SUBSTITUTE(A66,CHAR(13),"")&CHAR(10))-1))))-(FIND("~",SUBSTITUTE(LEFT((" "&LEFT(SUBSTITUTE(A66,CHAR(13),""),FIND(CHAR(10),SUBSTITUTE(A66,CHAR(13),"")&CHAR(10))-1)),FIND(".",(" "&LEFT(SUBSTITUTE(A66,CHAR(13),""),FIND(CHAR(10),SUBSTITUTE(A66,CHAR(13),"")&CHAR(10))-1))))," ","~",LEN(LEFT((" "&LEFT(SUBSTITUTE(A66,CHAR(13),""),FIND(CHAR(10),SUBSTITUTE(A66,CHAR(13),"")&CHAR(10))-1)),FIND(".",(" "&LEFT(SUBSTITUTE(A66,CHAR(13),""),FIND(CHAR(10),SUBSTITUTE(A66,CHAR(13),"")&CHAR(10))-1)))))-LEN(SUBSTITUTE(LEFT((" "&LEFT(SUBSTITUTE(A66,CHAR(13),""),FIND(CHAR(10),SUBSTITUTE(A66,CHAR(13),"")&CHAR(10))-1)),FIND(".",(" "&LEFT(SUBSTITUTE(A66,CHAR(13),""),FIND(CHAR(10),SUBSTITUTE(A66,CHAR(13),"")&CHAR(10))-1))))," ",""))))+1)),""))
A67: =IFERROR(INDEX(Pegar!$A$3:$A$1002,MATCH(63,Pegar!$B$3:$B$1002,0))&IF(LEFT(INDEX(Pegar!$A$3:$A$1003,MATCH(63,Pegar!$B$3:$B$1002,0)+1),5)="DESC=",CHAR(10)&INDEX(Pegar!$A$3:$A$1003,MATCH(63,Pegar!$B$3:$B$1002,0)+1),""),"") | B67: =IF(TRIM(A67)="","",IFERROR(MID(SUBSTITUTE(SUBSTITUTE(A67,CHAR(10)," "),CHAR(13)," "),FIND(" MT"," "&SUBSTITUTE(SUBSTITUTE(A67,CHAR(10)," "),CHAR(13)," ")),FIND(" ",SUBSTITUTE(SUBSTITUTE(A67,CHAR(10)," "),CHAR(13)," ")&" ",FIND(" MT"," "&SUBSTITUTE(SUBSTITUTE(A67,CHAR(10)," "),CHAR(13)," ")))-FIND(" MT"," "&SUBSTITUTE(SUBSTITUTE(A67,CHAR(10)," "),CHAR(13)," "))),"MT no encontrado")) | C67: =IF(TRIM(A67)="","",IF(D67="",FALSE(),SUBSTITUTE(SUBSTITUTE(SUBSTITUTE(D67,".",""),"0",""),"-","")<>"")) | D67: =IF(TRIM(A67)="","",IFERROR(MID((" "&LEFT(SUBSTITUTE(A67,CHAR(13),""),FIND(CHAR(10),SUBSTITUTE(A67,CHAR(13),"")&CHAR(10))-1)),(FIND("~",SUBSTITUTE(LEFT((" "&LEFT(SUBSTITUTE(A67,CHAR(13),""),FIND(CHAR(10),SUBSTITUTE(A67,CHAR(13),"")&CHAR(10))-1)),FIND(".",(" "&LEFT(SUBSTITUTE(A67,CHAR(13),""),FIND(CHAR(10),SUBSTITUTE(A67,CHAR(13),"")&CHAR(10))-1))))," ","~",LEN(LEFT((" "&LEFT(SUBSTITUTE(A67,CHAR(13),""),FIND(CHAR(10),SUBSTITUTE(A67,CHAR(13),"")&CHAR(10))-1)),FIND(".",(" "&LEFT(SUBSTITUTE(A67,CHAR(13),""),FIND(CHAR(10),SUBSTITUTE(A67,CHAR(13),"")&CHAR(10))-1)))))-LEN(SUBSTITUTE(LEFT((" "&LEFT(SUBSTITUTE(A67,CHAR(13),""),FIND(CHAR(10),SUBSTITUTE(A67,CHAR(13),"")&CHAR(10))-1)),FIND(".",(" "&LEFT(SUBSTITUTE(A67,CHAR(13),""),FIND(CHAR(10),SUBSTITUTE(A67,CHAR(13),"")&CHAR(10))-1))))," ",""))))+1),FIND(" ",(" "&LEFT(SUBSTITUTE(A67,CHAR(13),""),FIND(CHAR(10),SUBSTITUTE(A67,CHAR(13),"")&CHAR(10))-1))&" ",FIND(".",(" "&LEFT(SUBSTITUTE(A67,CHAR(13),""),FIND(CHAR(10),SUBSTITUTE(A67,CHAR(13),"")&CHAR(10))-1))))-(FIND("~",SUBSTITUTE(LEFT((" "&LEFT(SUBSTITUTE(A67,CHAR(13),""),FIND(CHAR(10),SUBSTITUTE(A67,CHAR(13),"")&CHAR(10))-1)),FIND(".",(" "&LEFT(SUBSTITUTE(A67,CHAR(13),""),FIND(CHAR(10),SUBSTITUTE(A67,CHAR(13),"")&CHAR(10))-1))))," ","~",LEN(LEFT((" "&LEFT(SUBSTITUTE(A67,CHAR(13),""),FIND(CHAR(10),SUBSTITUTE(A67,CHAR(13),"")&CHAR(10))-1)),FIND(".",(" "&LEFT(SUBSTITUTE(A67,CHAR(13),""),FIND(CHAR(10),SUBSTITUTE(A67,CHAR(13),"")&CHAR(10))-1)))))-LEN(SUBSTITUTE(LEFT((" "&LEFT(SUBSTITUTE(A67,CHAR(13),""),FIND(CHAR(10),SUBSTITUTE(A67,CHAR(13),"")&CHAR(10))-1)),FIND(".",(" "&LEFT(SUBSTITUTE(A67,CHAR(13),""),FIND(CHAR(10),SUBSTITUTE(A67,CHAR(13),"")&CHAR(10))-1))))," ",""))))+1)),""))
A68: =IFERROR(INDEX(Pegar!$A$3:$A$1002,MATCH(64,Pegar!$B$3:$B$1002,0))&IF(LEFT(INDEX(Pegar!$A$3:$A$1003,MATCH(64,Pegar!$B$3:$B$1002,0)+1),5)="DESC=",CHAR(10)&INDEX(Pegar!$A$3:$A$1003,MATCH(64,Pegar!$B$3:$B$1002,0)+1),""),"") | B68: =IF(TRIM(A68)="","",IFERROR(MID(SUBSTITUTE(SUBSTITUTE(A68,CHAR(10)," "),CHAR(13)," "),FIND(" MT"," "&SUBSTITUTE(SUBSTITUTE(A68,CHAR(10)," "),CHAR(13)," ")),FIND(" ",SUBSTITUTE(SUBSTITUTE(A68,CHAR(10)," "),CHAR(13)," ")&" ",FIND(" MT"," "&SUBSTITUTE(SUBSTITUTE(A68,CHAR(10)," "),CHAR(13)," ")))-FIND(" MT"," "&SUBSTITUTE(SUBSTITUTE(A68,CHAR(10)," "),CHAR(13)," "))),"MT no encontrado")) | C68: =IF(TRIM(A68)="","",IF(D68="",FALSE(),SUBSTITUTE(SUBSTITUTE(SUBSTITUTE(D68,".",""),"0",""),"-","")<>"")) | D68: =IF(TRIM(A68)="","",IFERROR(MID((" "&LEFT(SUBSTITUTE(A68,CHAR(13),""),FIND(CHAR(10),SUBSTITUTE(A68,CHAR(13),"")&CHAR(10))-1)),(FIND("~",SUBSTITUTE(LEFT((" "&LEFT(SUBSTITUTE(A68,CHAR(13),""),FIND(CHAR(10),SUBSTITUTE(A68,CHAR(13),"")&CHAR(10))-1)),FIND(".",(" "&LEFT(SUBSTITUTE(A68,CHAR(13),""),FIND(CHAR(10),SUBSTITUTE(A68,CHAR(13),"")&CHAR(10))-1))))," ","~",LEN(LEFT((" "&LEFT(SUBSTITUTE(A68,CHAR(13),""),FIND(CHAR(10),SUBSTITUTE(A68,CHAR(13),"")&CHAR(10))-1)),FIND(".",(" "&LEFT(SUBSTITUTE(A68,CHAR(13),""),FIND(CHAR(10),SUBSTITUTE(A68,CHAR(13),"")&CHAR(10))-1)))))-LEN(SUBSTITUTE(LEFT((" "&LEFT(SUBSTITUTE(A68,CHAR(13),""),FIND(CHAR(10),SUBSTITUTE(A68,CHAR(13),"")&CHAR(10))-1)),FIND(".",(" "&LEFT(SUBSTITUTE(A68,CHAR(13),""),FIND(CHAR(10),SUBSTITUTE(A68,CHAR(13),"")&CHAR(10))-1))))," ",""))))+1),FIND(" ",(" "&LEFT(SUBSTITUTE(A68,CHAR(13),""),FIND(CHAR(10),SUBSTITUTE(A68,CHAR(13),"")&CHAR(10))-1))&" ",FIND(".",(" "&LEFT(SUBSTITUTE(A68,CHAR(13),""),FIND(CHAR(10),SUBSTITUTE(A68,CHAR(13),"")&CHAR(10))-1))))-(FIND("~",SUBSTITUTE(LEFT((" "&LEFT(SUBSTITUTE(A68,CHAR(13),""),FIND(CHAR(10),SUBSTITUTE(A68,CHAR(13),"")&CHAR(10))-1)),FIND(".",(" "&LEFT(SUBSTITUTE(A68,CHAR(13),""),FIND(CHAR(10),SUBSTITUTE(A68,CHAR(13),"")&CHAR(10))-1))))," ","~",LEN(LEFT((" "&LEFT(SUBSTITUTE(A68,CHAR(13),""),FIND(CHAR(10),SUBSTITUTE(A68,CHAR(13),"")&CHAR(10))-1)),FIND(".",(" "&LEFT(SUBSTITUTE(A68,CHAR(13),""),FIND(CHAR(10),SUBSTITUTE(A68,CHAR(13),"")&CHAR(10))-1)))))-LEN(SUBSTITUTE(LEFT((" "&LEFT(SUBSTITUTE(A68,CHAR(13),""),FIND(CHAR(10),SUBSTITUTE(A68,CHAR(13),"")&CHAR(10))-1)),FIND(".",(" "&LEFT(SUBSTITUTE(A68,CHAR(13),""),FIND(CHAR(10),SUBSTITUTE(A68,CHAR(13),"")&CHAR(10))-1))))," ",""))))+1)),""))
A69: =IFERROR(INDEX(Pegar!$A$3:$A$1002,MATCH(65,Pegar!$B$3:$B$1002,0))&IF(LEFT(INDEX(Pegar!$A$3:$A$1003,MATCH(65,Pegar!$B$3:$B$1002,0)+1),5)="DESC=",CHAR(10)&INDEX(Pegar!$A$3:$A$1003,MATCH(65,Pegar!$B$3:$B$1002,0)+1),""),"") | B69: =IF(TRIM(A69)="","",IFERROR(MID(SUBSTITUTE(SUBSTITUTE(A69,CHAR(10)," "),CHAR(13)," "),FIND(" MT"," "&SUBSTITUTE(SUBSTITUTE(A69,CHAR(10)," "),CHAR(13)," ")),FIND(" ",SUBSTITUTE(SUBSTITUTE(A69,CHAR(10)," "),CHAR(13)," ")&" ",FIND(" MT"," "&SUBSTITUTE(SUBSTITUTE(A69,CHAR(10)," "),CHAR(13)," ")))-FIND(" MT"," "&SUBSTITUTE(SUBSTITUTE(A69,CHAR(10)," "),CHAR(13)," "))),"MT no encontrado")) | C69: =IF(TRIM(A69)="","",IF(D69="",FALSE(),SUBSTITUTE(SUBSTITUTE(SUBSTITUTE(D69,".",""),"0",""),"-","")<>"")) | D69: =IF(TRIM(A69)="","",IFERROR(MID((" "&LEFT(SUBSTITUTE(A69,CHAR(13),""),FIND(CHAR(10),SUBSTITUTE(A69,CHAR(13),"")&CHAR(10))-1)),(FIND("~",SUBSTITUTE(LEFT((" "&LEFT(SUBSTITUTE(A69,CHAR(13),""),FIND(CHAR(10),SUBSTITUTE(A69,CHAR(13),"")&CHAR(10))-1)),FIND(".",(" "&LEFT(SUBSTITUTE(A69,CHAR(13),""),FIND(CHAR(10),SUBSTITUTE(A69,CHAR(13),"")&CHAR(10))-1))))," ","~",LEN(LEFT((" "&LEFT(SUBSTITUTE(A69,CHAR(13),""),FIND(CHAR(10),SUBSTITUTE(A69,CHAR(13),"")&CHAR(10))-1)),FIND(".",(" "&LEFT(SUBSTITUTE(A69,CHAR(13),""),FIND(CHAR(10),SUBSTITUTE(A69,CHAR(13),"")&CHAR(10))-1)))))-LEN(SUBSTITUTE(LEFT((" "&LEFT(SUBSTITUTE(A69,CHAR(13),""),FIND(CHAR(10),SUBSTITUTE(A69,CHAR(13),"")&CHAR(10))-1)),FIND(".",(" "&LEFT(SUBSTITUTE(A69,CHAR(13),""),FIND(CHAR(10),SUBSTITUTE(A69,CHAR(13),"")&CHAR(10))-1))))," ",""))))+1),FIND(" ",(" "&LEFT(SUBSTITUTE(A69,CHAR(13),""),FIND(CHAR(10),SUBSTITUTE(A69,CHAR(13),"")&CHAR(10))-1))&" ",FIND(".",(" "&LEFT(SUBSTITUTE(A69,CHAR(13),""),FIND(CHAR(10),SUBSTITUTE(A69,CHAR(13),"")&CHAR(10))-1))))-(FIND("~",SUBSTITUTE(LEFT((" "&LEFT(SUBSTITUTE(A69,CHAR(13),""),FIND(CHAR(10),SUBSTITUTE(A69,CHAR(13),"")&CHAR(10))-1)),FIND(".",(" "&LEFT(SUBSTITUTE(A69,CHAR(13),""),FIND(CHAR(10),SUBSTITUTE(A69,CHAR(13),"")&CHAR(10))-1))))," ","~",LEN(LEFT((" "&LEFT(SUBSTITUTE(A69,CHAR(13),""),FIND(CHAR(10),SUBSTITUTE(A69,CHAR(13),"")&CHAR(10))-1)),FIND(".",(" "&LEFT(SUBSTITUTE(A69,CHAR(13),""),FIND(CHAR(10),SUBSTITUTE(A69,CHAR(13),"")&CHAR(10))-1)))))-LEN(SUBSTITUTE(LEFT((" "&LEFT(SUBSTITUTE(A69,CHAR(13),""),FIND(CHAR(10),SUBSTITUTE(A69,CHAR(13),"")&CHAR(10))-1)),FIND(".",(" "&LEFT(SUBSTITUTE(A69,CHAR(13),""),FIND(CHAR(10),SUBSTITUTE(A69,CHAR(13),"")&CHAR(10))-1))))," ",""))))+1)),""))
A70: =IFERROR(INDEX(Pegar!$A$3:$A$1002,MATCH(66,Pegar!$B$3:$B$1002,0))&IF(LEFT(INDEX(Pegar!$A$3:$A$1003,MATCH(66,Pegar!$B$3:$B$1002,0)+1),5)="DESC=",CHAR(10)&INDEX(Pegar!$A$3:$A$1003,MATCH(66,Pegar!$B$3:$B$1002,0)+1),""),"") | B70: =IF(TRIM(A70)="","",IFERROR(MID(SUBSTITUTE(SUBSTITUTE(A70,CHAR(10)," "),CHAR(13)," "),FIND(" MT"," "&SUBSTITUTE(SUBSTITUTE(A70,CHAR(10)," "),CHAR(13)," ")),FIND(" ",SUBSTITUTE(SUBSTITUTE(A70,CHAR(10)," "),CHAR(13)," ")&" ",FIND(" MT"," "&SUBSTITUTE(SUBSTITUTE(A70,CHAR(10)," "),CHAR(13)," ")))-FIND(" MT"," "&SUBSTITUTE(SUBSTITUTE(A70,CHAR(10)," "),CHAR(13)," "))),"MT no encontrado")) | C70: =IF(TRIM(A70)="","",IF(D70="",FALSE(),SUBSTITUTE(SUBSTITUTE(SUBSTITUTE(D70,".",""),"0",""),"-","")<>"")) | D70: =IF(TRIM(A70)="","",IFERROR(MID((" "&LEFT(SUBSTITUTE(A70,CHAR(13),""),FIND(CHAR(10),SUBSTITUTE(A70,CHAR(13),"")&CHAR(10))-1)),(FIND("~",SUBSTITUTE(LEFT((" "&LEFT(SUBSTITUTE(A70,CHAR(13),""),FIND(CHAR(10),SUBSTITUTE(A70,CHAR(13),"")&CHAR(10))-1)),FIND(".",(" "&LEFT(SUBSTITUTE(A70,CHAR(13),""),FIND(CHAR(10),SUBSTITUTE(A70,CHAR(13),"")&CHAR(10))-1))))," ","~",LEN(LEFT((" "&LEFT(SUBSTITUTE(A70,CHAR(13),""),FIND(CHAR(10),SUBSTITUTE(A70,CHAR(13),"")&CHAR(10))-1)),FIND(".",(" "&LEFT(SUBSTITUTE(A70,CHAR(13),""),FIND(CHAR(10),SUBSTITUTE(A70,CHAR(13),"")&CHAR(10))-1)))))-LEN(SUBSTITUTE(LEFT((" "&LEFT(SUBSTITUTE(A70,CHAR(13),""),FIND(CHAR(10),SUBSTITUTE(A70,CHAR(13),"")&CHAR(10))-1)),FIND(".",(" "&LEFT(SUBSTITUTE(A70,CHAR(13),""),FIND(CHAR(10),SUBSTITUTE(A70,CHAR(13),"")&CHAR(10))-1))))," ",""))))+1),FIND(" ",(" "&LEFT(SUBSTITUTE(A70,CHAR(13),""),FIND(CHAR(10),SUBSTITUTE(A70,CHAR(13),"")&CHAR(10))-1))&" ",FIND(".",(" "&LEFT(SUBSTITUTE(A70,CHAR(13),""),FIND(CHAR(10),SUBSTITUTE(A70,CHAR(13),"")&CHAR(10))-1))))-(FIND("~",SUBSTITUTE(LEFT((" "&LEFT(SUBSTITUTE(A70,CHAR(13),""),FIND(CHAR(10),SUBSTITUTE(A70,CHAR(13),"")&CHAR(10))-1)),FIND(".",(" "&LEFT(SUBSTITUTE(A70,CHAR(13),""),FIND(CHAR(10),SUBSTITUTE(A70,CHAR(13),"")&CHAR(10))-1))))," ","~",LEN(LEFT((" "&LEFT(SUBSTITUTE(A70,CHAR(13),""),FIND(CHAR(10),SUBSTITUTE(A70,CHAR(13),"")&CHAR(10))-1)),FIND(".",(" "&LEFT(SUBSTITUTE(A70,CHAR(13),""),FIND(CHAR(10),SUBSTITUTE(A70,CHAR(13),"")&CHAR(10))-1)))))-LEN(SUBSTITUTE(LEFT((" "&LEFT(SUBSTITUTE(A70,CHAR(13),""),FIND(CHAR(10),SUBSTITUTE(A70,CHAR(13),"")&CHAR(10))-1)),FIND(".",(" "&LEFT(SUBSTITUTE(A70,CHAR(13),""),FIND(CHAR(10),SUBSTITUTE(A70,CHAR(13),"")&CHAR(10))-1))))," ",""))))+1)),""))
A71: =IFERROR(INDEX(Pegar!$A$3:$A$1002,MATCH(67,Pegar!$B$3:$B$1002,0))&IF(LEFT(INDEX(Pegar!$A$3:$A$1003,MATCH(67,Pegar!$B$3:$B$1002,0)+1),5)="DESC=",CHAR(10)&INDEX(Pegar!$A$3:$A$1003,MATCH(67,Pegar!$B$3:$B$1002,0)+1),""),"") | B71: =IF(TRIM(A71)="","",IFERROR(MID(SUBSTITUTE(SUBSTITUTE(A71,CHAR(10)," "),CHAR(13)," "),FIND(" MT"," "&SUBSTITUTE(SUBSTITUTE(A71,CHAR(10)," "),CHAR(13)," ")),FIND(" ",SUBSTITUTE(SUBSTITUTE(A71,CHAR(10)," "),CHAR(13)," ")&" ",FIND(" MT"," "&SUBSTITUTE(SUBSTITUTE(A71,CHAR(10)," "),CHAR(13)," ")))-FIND(" MT"," "&SUBSTITUTE(SUBSTITUTE(A71,CHAR(10)," "),CHAR(13)," "))),"MT no encontrado")) | C71: =IF(TRIM(A71)="","",IF(D71="",FALSE(),SUBSTITUTE(SUBSTITUTE(SUBSTITUTE(D71,".",""),"0",""),"-","")<>"")) | D71: =IF(TRIM(A71)="","",IFERROR(MID((" "&LEFT(SUBSTITUTE(A71,CHAR(13),""),FIND(CHAR(10),SUBSTITUTE(A71,CHAR(13),"")&CHAR(10))-1)),(FIND("~",SUBSTITUTE(LEFT((" "&LEFT(SUBSTITUTE(A71,CHAR(13),""),FIND(CHAR(10),SUBSTITUTE(A71,CHAR(13),"")&CHAR(10))-1)),FIND(".",(" "&LEFT(SUBSTITUTE(A71,CHAR(13),""),FIND(CHAR(10),SUBSTITUTE(A71,CHAR(13),"")&CHAR(10))-1))))," ","~",LEN(LEFT((" "&LEFT(SUBSTITUTE(A71,CHAR(13),""),FIND(CHAR(10),SUBSTITUTE(A71,CHAR(13),"")&CHAR(10))-1)),FIND(".",(" "&LEFT(SUBSTITUTE(A71,CHAR(13),""),FIND(CHAR(10),SUBSTITUTE(A71,CHAR(13),"")&CHAR(10))-1)))))-LEN(SUBSTITUTE(LEFT((" "&LEFT(SUBSTITUTE(A71,CHAR(13),""),FIND(CHAR(10),SUBSTITUTE(A71,CHAR(13),"")&CHAR(10))-1)),FIND(".",(" "&LEFT(SUBSTITUTE(A71,CHAR(13),""),FIND(CHAR(10),SUBSTITUTE(A71,CHAR(13),"")&CHAR(10))-1))))," ",""))))+1),FIND(" ",(" "&LEFT(SUBSTITUTE(A71,CHAR(13),""),FIND(CHAR(10),SUBSTITUTE(A71,CHAR(13),"")&CHAR(10))-1))&" ",FIND(".",(" "&LEFT(SUBSTITUTE(A71,CHAR(13),""),FIND(CHAR(10),SUBSTITUTE(A71,CHAR(13),"")&CHAR(10))-1))))-(FIND("~",SUBSTITUTE(LEFT((" "&LEFT(SUBSTITUTE(A71,CHAR(13),""),FIND(CHAR(10),SUBSTITUTE(A71,CHAR(13),"")&CHAR(10))-1)),FIND(".",(" "&LEFT(SUBSTITUTE(A71,CHAR(13),""),FIND(CHAR(10),SUBSTITUTE(A71,CHAR(13),"")&CHAR(10))-1))))," ","~",LEN(LEFT((" "&LEFT(SUBSTITUTE(A71,CHAR(13),""),FIND(CHAR(10),SUBSTITUTE(A71,CHAR(13),"")&CHAR(10))-1)),FIND(".",(" "&LEFT(SUBSTITUTE(A71,CHAR(13),""),FIND(CHAR(10),SUBSTITUTE(A71,CHAR(13),"")&CHAR(10))-1)))))-LEN(SUBSTITUTE(LEFT((" "&LEFT(SUBSTITUTE(A71,CHAR(13),""),FIND(CHAR(10),SUBSTITUTE(A71,CHAR(13),"")&CHAR(10))-1)),FIND(".",(" "&LEFT(SUBSTITUTE(A71,CHAR(13),""),FIND(CHAR(10),SUBSTITUTE(A71,CHAR(13),"")&CHAR(10))-1))))," ",""))))+1)),""))
A72: =IFERROR(INDEX(Pegar!$A$3:$A$1002,MATCH(68,Pegar!$B$3:$B$1002,0))&IF(LEFT(INDEX(Pegar!$A$3:$A$1003,MATCH(68,Pegar!$B$3:$B$1002,0)+1),5)="DESC=",CHAR(10)&INDEX(Pegar!$A$3:$A$1003,MATCH(68,Pegar!$B$3:$B$1002,0)+1),""),"") | B72: =IF(TRIM(A72)="","",IFERROR(MID(SUBSTITUTE(SUBSTITUTE(A72,CHAR(10)," "),CHAR(13)," "),FIND(" MT"," "&SUBSTITUTE(SUBSTITUTE(A72,CHAR(10)," "),CHAR(13)," ")),FIND(" ",SUBSTITUTE(SUBSTITUTE(A72,CHAR(10)," "),CHAR(13)," ")&" ",FIND(" MT"," "&SUBSTITUTE(SUBSTITUTE(A72,CHAR(10)," "),CHAR(13)," ")))-FIND(" MT"," "&SUBSTITUTE(SUBSTITUTE(A72,CHAR(10)," "),CHAR(13)," "))),"MT no encontrado")) | C72: =IF(TRIM(A72)="","",IF(D72="",FALSE(),SUBSTITUTE(SUBSTITUTE(SUBSTITUTE(D72,".",""),"0",""),"-","")<>"")) | D72: =IF(TRIM(A72)="","",IFERROR(MID((" "&LEFT(SUBSTITUTE(A72,CHAR(13),""),FIND(CHAR(10),SUBSTITUTE(A72,CHAR(13),"")&CHAR(10))-1)),(FIND("~",SUBSTITUTE(LEFT((" "&LEFT(SUBSTITUTE(A72,CHAR(13),""),FIND(CHAR(10),SUBSTITUTE(A72,CHAR(13),"")&CHAR(10))-1)),FIND(".",(" "&LEFT(SUBSTITUTE(A72,CHAR(13),""),FIND(CHAR(10),SUBSTITUTE(A72,CHAR(13),"")&CHAR(10))-1))))," ","~",LEN(LEFT((" "&LEFT(SUBSTITUTE(A72,CHAR(13),""),FIND(CHAR(10),SUBSTITUTE(A72,CHAR(13),"")&CHAR(10))-1)),FIND(".",(" "&LEFT(SUBSTITUTE(A72,CHAR(13),""),FIND(CHAR(10),SUBSTITUTE(A72,CHAR(13),"")&CHAR(10))-1)))))-LEN(SUBSTITUTE(LEFT((" "&LEFT(SUBSTITUTE(A72,CHAR(13),""),FIND(CHAR(10),SUBSTITUTE(A72,CHAR(13),"")&CHAR(10))-1)),FIND(".",(" "&LEFT(SUBSTITUTE(A72,CHAR(13),""),FIND(CHAR(10),SUBSTITUTE(A72,CHAR(13),"")&CHAR(10))-1))))," ",""))))+1),FIND(" ",(" "&LEFT(SUBSTITUTE(A72,CHAR(13),""),FIND(CHAR(10),SUBSTITUTE(A72,CHAR(13),"")&CHAR(10))-1))&" ",FIND(".",(" "&LEFT(SUBSTITUTE(A72,CHAR(13),""),FIND(CHAR(10),SUBSTITUTE(A72,CHAR(13),"")&CHAR(10))-1))))-(FIND("~",SUBSTITUTE(LEFT((" "&LEFT(SUBSTITUTE(A72,CHAR(13),""),FIND(CHAR(10),SUBSTITUTE(A72,CHAR(13),"")&CHAR(10))-1)),FIND(".",(" "&LEFT(SUBSTITUTE(A72,CHAR(13),""),FIND(CHAR(10),SUBSTITUTE(A72,CHAR(13),"")&CHAR(10))-1))))," ","~",LEN(LEFT((" "&LEFT(SUBSTITUTE(A72,CHAR(13),""),FIND(CHAR(10),SUBSTITUTE(A72,CHAR(13),"")&CHAR(10))-1)),FIND(".",(" "&LEFT(SUBSTITUTE(A72,CHAR(13),""),FIND(CHAR(10),SUBSTITUTE(A72,CHAR(13),"")&CHAR(10))-1)))))-LEN(SUBSTITUTE(LEFT((" "&LEFT(SUBSTITUTE(A72,CHAR(13),""),FIND(CHAR(10),SUBSTITUTE(A72,CHAR(13),"")&CHAR(10))-1)),FIND(".",(" "&LEFT(SUBSTITUTE(A72,CHAR(13),""),FIND(CHAR(10),SUBSTITUTE(A72,CHAR(13),"")&CHAR(10))-1))))," ",""))))+1)),""))
A73: =IFERROR(INDEX(Pegar!$A$3:$A$1002,MATCH(69,Pegar!$B$3:$B$1002,0))&IF(LEFT(INDEX(Pegar!$A$3:$A$1003,MATCH(69,Pegar!$B$3:$B$1002,0)+1),5)="DESC=",CHAR(10)&INDEX(Pegar!$A$3:$A$1003,MATCH(69,Pegar!$B$3:$B$1002,0)+1),""),"") | B73: =IF(TRIM(A73)="","",IFERROR(MID(SUBSTITUTE(SUBSTITUTE(A73,CHAR(10)," "),CHAR(13)," "),FIND(" MT"," "&SUBSTITUTE(SUBSTITUTE(A73,CHAR(10)," "),CHAR(13)," ")),FIND(" ",SUBSTITUTE(SUBSTITUTE(A73,CHAR(10)," "),CHAR(13)," ")&" ",FIND(" MT"," "&SUBSTITUTE(SUBSTITUTE(A73,CHAR(10)," "),CHAR(13)," ")))-FIND(" MT"," "&SUBSTITUTE(SUBSTITUTE(A73,CHAR(10)," "),CHAR(13)," "))),"MT no encontrado")) | C73: =IF(TRIM(A73)="","",IF(D73="",FALSE(),SUBSTITUTE(SUBSTITUTE(SUBSTITUTE(D73,".",""),"0",""),"-","")<>"")) | D73: =IF(TRIM(A73)="","",IFERROR(MID((" "&LEFT(SUBSTITUTE(A73,CHAR(13),""),FIND(CHAR(10),SUBSTITUTE(A73,CHAR(13),"")&CHAR(10))-1)),(FIND("~",SUBSTITUTE(LEFT((" "&LEFT(SUBSTITUTE(A73,CHAR(13),""),FIND(CHAR(10),SUBSTITUTE(A73,CHAR(13),"")&CHAR(10))-1)),FIND(".",(" "&LEFT(SUBSTITUTE(A73,CHAR(13),""),FIND(CHAR(10),SUBSTITUTE(A73,CHAR(13),"")&CHAR(10))-1))))," ","~",LEN(LEFT((" "&LEFT(SUBSTITUTE(A73,CHAR(13),""),FIND(CHAR(10),SUBSTITUTE(A73,CHAR(13),"")&CHAR(10))-1)),FIND(".",(" "&LEFT(SUBSTITUTE(A73,CHAR(13),""),FIND(CHAR(10),SUBSTITUTE(A73,CHAR(13),"")&CHAR(10))-1)))))-LEN(SUBSTITUTE(LEFT((" "&LEFT(SUBSTITUTE(A73,CHAR(13),""),FIND(CHAR(10),SUBSTITUTE(A73,CHAR(13),"")&CHAR(10))-1)),FIND(".",(" "&LEFT(SUBSTITUTE(A73,CHAR(13),""),FIND(CHAR(10),SUBSTITUTE(A73,CHAR(13),"")&CHAR(10))-1))))," ",""))))+1),FIND(" ",(" "&LEFT(SUBSTITUTE(A73,CHAR(13),""),FIND(CHAR(10),SUBSTITUTE(A73,CHAR(13),"")&CHAR(10))-1))&" ",FIND(".",(" "&LEFT(SUBSTITUTE(A73,CHAR(13),""),FIND(CHAR(10),SUBSTITUTE(A73,CHAR(13),"")&CHAR(10))-1))))-(FIND("~",SUBSTITUTE(LEFT((" "&LEFT(SUBSTITUTE(A73,CHAR(13),""),FIND(CHAR(10),SUBSTITUTE(A73,CHAR(13),"")&CHAR(10))-1)),FIND(".",(" "&LEFT(SUBSTITUTE(A73,CHAR(13),""),FIND(CHAR(10),SUBSTITUTE(A73,CHAR(13),"")&CHAR(10))-1))))," ","~",LEN(LEFT((" "&LEFT(SUBSTITUTE(A73,CHAR(13),""),FIND(CHAR(10),SUBSTITUTE(A73,CHAR(13),"")&CHAR(10))-1)),FIND(".",(" "&LEFT(SUBSTITUTE(A73,CHAR(13),""),FIND(CHAR(10),SUBSTITUTE(A73,CHAR(13),"")&CHAR(10))-1)))))-LEN(SUBSTITUTE(LEFT((" "&LEFT(SUBSTITUTE(A73,CHAR(13),""),FIND(CHAR(10),SUBSTITUTE(A73,CHAR(13),"")&CHAR(10))-1)),FIND(".",(" "&LEFT(SUBSTITUTE(A73,CHAR(13),""),FIND(CHAR(10),SUBSTITUTE(A73,CHAR(13),"")&CHAR(10))-1))))," ",""))))+1)),""))
A74: =IFERROR(INDEX(Pegar!$A$3:$A$1002,MATCH(70,Pegar!$B$3:$B$1002,0))&IF(LEFT(INDEX(Pegar!$A$3:$A$1003,MATCH(70,Pegar!$B$3:$B$1002,0)+1),5)="DESC=",CHAR(10)&INDEX(Pegar!$A$3:$A$1003,MATCH(70,Pegar!$B$3:$B$1002,0)+1),""),"") | B74: =IF(TRIM(A74)="","",IFERROR(MID(SUBSTITUTE(SUBSTITUTE(A74,CHAR(10)," "),CHAR(13)," "),FIND(" MT"," "&SUBSTITUTE(SUBSTITUTE(A74,CHAR(10)," "),CHAR(13)," ")),FIND(" ",SUBSTITUTE(SUBSTITUTE(A74,CHAR(10)," "),CHAR(13)," ")&" ",FIND(" MT"," "&SUBSTITUTE(SUBSTITUTE(A74,CHAR(10)," "),CHAR(13)," ")))-FIND(" MT"," "&SUBSTITUTE(SUBSTITUTE(A74,CHAR(10)," "),CHAR(13)," "))),"MT no encontrado")) | C74: =IF(TRIM(A74)="","",IF(D74="",FALSE(),SUBSTITUTE(SUBSTITUTE(SUBSTITUTE(D74,".",""),"0",""),"-","")<>"")) | D74: =IF(TRIM(A74)="","",IFERROR(MID((" "&LEFT(SUBSTITUTE(A74,CHAR(13),""),FIND(CHAR(10),SUBSTITUTE(A74,CHAR(13),"")&CHAR(10))-1)),(FIND("~",SUBSTITUTE(LEFT((" "&LEFT(SUBSTITUTE(A74,CHAR(13),""),FIND(CHAR(10),SUBSTITUTE(A74,CHAR(13),"")&CHAR(10))-1)),FIND(".",(" "&LEFT(SUBSTITUTE(A74,CHAR(13),""),FIND(CHAR(10),SUBSTITUTE(A74,CHAR(13),"")&CHAR(10))-1))))," ","~",LEN(LEFT((" "&LEFT(SUBSTITUTE(A74,CHAR(13),""),FIND(CHAR(10),SUBSTITUTE(A74,CHAR(13),"")&CHAR(10))-1)),FIND(".",(" "&LEFT(SUBSTITUTE(A74,CHAR(13),""),FIND(CHAR(10),SUBSTITUTE(A74,CHAR(13),"")&CHAR(10))-1)))))-LEN(SUBSTITUTE(LEFT((" "&LEFT(SUBSTITUTE(A74,CHAR(13),""),FIND(CHAR(10),SUBSTITUTE(A74,CHAR(13),"")&CHAR(10))-1)),FIND(".",(" "&LEFT(SUBSTITUTE(A74,CHAR(13),""),FIND(CHAR(10),SUBSTITUTE(A74,CHAR(13),"")&CHAR(10))-1))))," ",""))))+1),FIND(" ",(" "&LEFT(SUBSTITUTE(A74,CHAR(13),""),FIND(CHAR(10),SUBSTITUTE(A74,CHAR(13),"")&CHAR(10))-1))&" ",FIND(".",(" "&LEFT(SUBSTITUTE(A74,CHAR(13),""),FIND(CHAR(10),SUBSTITUTE(A74,CHAR(13),"")&CHAR(10))-1))))-(FIND("~",SUBSTITUTE(LEFT((" "&LEFT(SUBSTITUTE(A74,CHAR(13),""),FIND(CHAR(10),SUBSTITUTE(A74,CHAR(13),"")&CHAR(10))-1)),FIND(".",(" "&LEFT(SUBSTITUTE(A74,CHAR(13),""),FIND(CHAR(10),SUBSTITUTE(A74,CHAR(13),"")&CHAR(10))-1))))," ","~",LEN(LEFT((" "&LEFT(SUBSTITUTE(A74,CHAR(13),""),FIND(CHAR(10),SUBSTITUTE(A74,CHAR(13),"")&CHAR(10))-1)),FIND(".",(" "&LEFT(SUBSTITUTE(A74,CHAR(13),""),FIND(CHAR(10),SUBSTITUTE(A74,CHAR(13),"")&CHAR(10))-1)))))-LEN(SUBSTITUTE(LEFT((" "&LEFT(SUBSTITUTE(A74,CHAR(13),""),FIND(CHAR(10),SUBSTITUTE(A74,CHAR(13),"")&CHAR(10))-1)),FIND(".",(" "&LEFT(SUBSTITUTE(A74,CHAR(13),""),FIND(CHAR(10),SUBSTITUTE(A74,CHAR(13),"")&CHAR(10))-1))))," ",""))))+1)),""))
A75: =IFERROR(INDEX(Pegar!$A$3:$A$1002,MATCH(71,Pegar!$B$3:$B$1002,0))&IF(LEFT(INDEX(Pegar!$A$3:$A$1003,MATCH(71,Pegar!$B$3:$B$1002,0)+1),5)="DESC=",CHAR(10)&INDEX(Pegar!$A$3:$A$1003,MATCH(71,Pegar!$B$3:$B$1002,0)+1),""),"") | B75: =IF(TRIM(A75)="","",IFERROR(MID(SUBSTITUTE(SUBSTITUTE(A75,CHAR(10)," "),CHAR(13)," "),FIND(" MT"," "&SUBSTITUTE(SUBSTITUTE(A75,CHAR(10)," "),CHAR(13)," ")),FIND(" ",SUBSTITUTE(SUBSTITUTE(A75,CHAR(10)," "),CHAR(13)," ")&" ",FIND(" MT"," "&SUBSTITUTE(SUBSTITUTE(A75,CHAR(10)," "),CHAR(13)," ")))-FIND(" MT"," "&SUBSTITUTE(SUBSTITUTE(A75,CHAR(10)," "),CHAR(13)," "))),"MT no encontrado")) | C75: =IF(TRIM(A75)="","",IF(D75="",FALSE(),SUBSTITUTE(SUBSTITUTE(SUBSTITUTE(D75,".",""),"0",""),"-","")<>"")) | D75: =IF(TRIM(A75)="","",IFERROR(MID((" "&LEFT(SUBSTITUTE(A75,CHAR(13),""),FIND(CHAR(10),SUBSTITUTE(A75,CHAR(13),"")&CHAR(10))-1)),(FIND("~",SUBSTITUTE(LEFT((" "&LEFT(SUBSTITUTE(A75,CHAR(13),""),FIND(CHAR(10),SUBSTITUTE(A75,CHAR(13),"")&CHAR(10))-1)),FIND(".",(" "&LEFT(SUBSTITUTE(A75,CHAR(13),""),FIND(CHAR(10),SUBSTITUTE(A75,CHAR(13),"")&CHAR(10))-1))))," ","~",LEN(LEFT((" "&LEFT(SUBSTITUTE(A75,CHAR(13),""),FIND(CHAR(10),SUBSTITUTE(A75,CHAR(13),"")&CHAR(10))-1)),FIND(".",(" "&LEFT(SUBSTITUTE(A75,CHAR(13),""),FIND(CHAR(10),SUBSTITUTE(A75,CHAR(13),"")&CHAR(10))-1)))))-LEN(SUBSTITUTE(LEFT((" "&LEFT(SUBSTITUTE(A75,CHAR(13),""),FIND(CHAR(10),SUBSTITUTE(A75,CHAR(13),"")&CHAR(10))-1)),FIND(".",(" "&LEFT(SUBSTITUTE(A75,CHAR(13),""),FIND(CHAR(10),SUBSTITUTE(A75,CHAR(13),"")&CHAR(10))-1))))," ",""))))+1),FIND(" ",(" "&LEFT(SUBSTITUTE(A75,CHAR(13),""),FIND(CHAR(10),SUBSTITUTE(A75,CHAR(13),"")&CHAR(10))-1))&" ",FIND(".",(" "&LEFT(SUBSTITUTE(A75,CHAR(13),""),FIND(CHAR(10),SUBSTITUTE(A75,CHAR(13),"")&CHAR(10))-1))))-(FIND("~",SUBSTITUTE(LEFT((" "&LEFT(SUBSTITUTE(A75,CHAR(13),""),FIND(CHAR(10),SUBSTITUTE(A75,CHAR(13),"")&CHAR(10))-1)),FIND(".",(" "&LEFT(SUBSTITUTE(A75,CHAR(13),""),FIND(CHAR(10),SUBSTITUTE(A75,CHAR(13),"")&CHAR(10))-1))))," ","~",LEN(LEFT((" "&LEFT(SUBSTITUTE(A75,CHAR(13),""),FIND(CHAR(10),SUBSTITUTE(A75,CHAR(13),"")&CHAR(10))-1)),FIND(".",(" "&LEFT(SUBSTITUTE(A75,CHAR(13),""),FIND(CHAR(10),SUBSTITUTE(A75,CHAR(13),"")&CHAR(10))-1)))))-LEN(SUBSTITUTE(LEFT((" "&LEFT(SUBSTITUTE(A75,CHAR(13),""),FIND(CHAR(10),SUBSTITUTE(A75,CHAR(13),"")&CHAR(10))-1)),FIND(".",(" "&LEFT(SUBSTITUTE(A75,CHAR(13),""),FIND(CHAR(10),SUBSTITUTE(A75,CHAR(13),"")&CHAR(10))-1))))," ",""))))+1)),""))
A76: =IFERROR(INDEX(Pegar!$A$3:$A$1002,MATCH(72,Pegar!$B$3:$B$1002,0))&IF(LEFT(INDEX(Pegar!$A$3:$A$1003,MATCH(72,Pegar!$B$3:$B$1002,0)+1),5)="DESC=",CHAR(10)&INDEX(Pegar!$A$3:$A$1003,MATCH(72,Pegar!$B$3:$B$1002,0)+1),""),"") | B76: =IF(TRIM(A76)="","",IFERROR(MID(SUBSTITUTE(SUBSTITUTE(A76,CHAR(10)," "),CHAR(13)," "),FIND(" MT"," "&SUBSTITUTE(SUBSTITUTE(A76,CHAR(10)," "),CHAR(13)," ")),FIND(" ",SUBSTITUTE(SUBSTITUTE(A76,CHAR(10)," "),CHAR(13)," ")&" ",FIND(" MT"," "&SUBSTITUTE(SUBSTITUTE(A76,CHAR(10)," "),CHAR(13)," ")))-FIND(" MT"," "&SUBSTITUTE(SUBSTITUTE(A76,CHAR(10)," "),CHAR(13)," "))),"MT no encontrado")) | C76: =IF(TRIM(A76)="","",IF(D76="",FALSE(),SUBSTITUTE(SUBSTITUTE(SUBSTITUTE(D76,".",""),"0",""),"-","")<>"")) | D76: =IF(TRIM(A76)="","",IFERROR(MID((" "&LEFT(SUBSTITUTE(A76,CHAR(13),""),FIND(CHAR(10),SUBSTITUTE(A76,CHAR(13),"")&CHAR(10))-1)),(FIND("~",SUBSTITUTE(LEFT((" "&LEFT(SUBSTITUTE(A76,CHAR(13),""),FIND(CHAR(10),SUBSTITUTE(A76,CHAR(13),"")&CHAR(10))-1)),FIND(".",(" "&LEFT(SUBSTITUTE(A76,CHAR(13),""),FIND(CHAR(10),SUBSTITUTE(A76,CHAR(13),"")&CHAR(10))-1))))," ","~",LEN(LEFT((" "&LEFT(SUBSTITUTE(A76,CHAR(13),""),FIND(CHAR(10),SUBSTITUTE(A76,CHAR(13),"")&CHAR(10))-1)),FIND(".",(" "&LEFT(SUBSTITUTE(A76,CHAR(13),""),FIND(CHAR(10),SUBSTITUTE(A76,CHAR(13),"")&CHAR(10))-1)))))-LEN(SUBSTITUTE(LEFT((" "&LEFT(SUBSTITUTE(A76,CHAR(13),""),FIND(CHAR(10),SUBSTITUTE(A76,CHAR(13),"")&CHAR(10))-1)),FIND(".",(" "&LEFT(SUBSTITUTE(A76,CHAR(13),""),FIND(CHAR(10),SUBSTITUTE(A76,CHAR(13),"")&CHAR(10))-1))))," ",""))))+1),FIND(" ",(" "&LEFT(SUBSTITUTE(A76,CHAR(13),""),FIND(CHAR(10),SUBSTITUTE(A76,CHAR(13),"")&CHAR(10))-1))&" ",FIND(".",(" "&LEFT(SUBSTITUTE(A76,CHAR(13),""),FIND(CHAR(10),SUBSTITUTE(A76,CHAR(13),"")&CHAR(10))-1))))-(FIND("~",SUBSTITUTE(LEFT((" "&LEFT(SUBSTITUTE(A76,CHAR(13),""),FIND(CHAR(10),SUBSTITUTE(A76,CHAR(13),"")&CHAR(10))-1)),FIND(".",(" "&LEFT(SUBSTITUTE(A76,CHAR(13),""),FIND(CHAR(10),SUBSTITUTE(A76,CHAR(13),"")&CHAR(10))-1))))," ","~",LEN(LEFT((" "&LEFT(SUBSTITUTE(A76,CHAR(13),""),FIND(CHAR(10),SUBSTITUTE(A76,CHAR(13),"")&CHAR(10))-1)),FIND(".",(" "&LEFT(SUBSTITUTE(A76,CHAR(13),""),FIND(CHAR(10),SUBSTITUTE(A76,CHAR(13),"")&CHAR(10))-1)))))-LEN(SUBSTITUTE(LEFT((" "&LEFT(SUBSTITUTE(A76,CHAR(13),""),FIND(CHAR(10),SUBSTITUTE(A76,CHAR(13),"")&CHAR(10))-1)),FIND(".",(" "&LEFT(SUBSTITUTE(A76,CHAR(13),""),FIND(CHAR(10),SUBSTITUTE(A76,CHAR(13),"")&CHAR(10))-1))))," ",""))))+1)),""))
A77: =IFERROR(INDEX(Pegar!$A$3:$A$1002,MATCH(73,Pegar!$B$3:$B$1002,0))&IF(LEFT(INDEX(Pegar!$A$3:$A$1003,MATCH(73,Pegar!$B$3:$B$1002,0)+1),5)="DESC=",CHAR(10)&INDEX(Pegar!$A$3:$A$1003,MATCH(73,Pegar!$B$3:$B$1002,0)+1),""),"") | B77: =IF(TRIM(A77)="","",IFERROR(MID(SUBSTITUTE(SUBSTITUTE(A77,CHAR(10)," "),CHAR(13)," "),FIND(" MT"," "&SUBSTITUTE(SUBSTITUTE(A77,CHAR(10)," "),CHAR(13)," ")),FIND(" ",SUBSTITUTE(SUBSTITUTE(A77,CHAR(10)," "),CHAR(13)," ")&" ",FIND(" MT"," "&SUBSTITUTE(SUBSTITUTE(A77,CHAR(10)," "),CHAR(13)," ")))-FIND(" MT"," "&SUBSTITUTE(SUBSTITUTE(A77,CHAR(10)," "),CHAR(13)," "))),"MT no encontrado")) | C77: =IF(TRIM(A77)="","",IF(D77="",FALSE(),SUBSTITUTE(SUBSTITUTE(SUBSTITUTE(D77,".",""),"0",""),"-","")<>"")) | D77: =IF(TRIM(A77)="","",IFERROR(MID((" "&LEFT(SUBSTITUTE(A77,CHAR(13),""),FIND(CHAR(10),SUBSTITUTE(A77,CHAR(13),"")&CHAR(10))-1)),(FIND("~",SUBSTITUTE(LEFT((" "&LEFT(SUBSTITUTE(A77,CHAR(13),""),FIND(CHAR(10),SUBSTITUTE(A77,CHAR(13),"")&CHAR(10))-1)),FIND(".",(" "&LEFT(SUBSTITUTE(A77,CHAR(13),""),FIND(CHAR(10),SUBSTITUTE(A77,CHAR(13),"")&CHAR(10))-1))))," ","~",LEN(LEFT((" "&LEFT(SUBSTITUTE(A77,CHAR(13),""),FIND(CHAR(10),SUBSTITUTE(A77,CHAR(13),"")&CHAR(10))-1)),FIND(".",(" "&LEFT(SUBSTITUTE(A77,CHAR(13),""),FIND(CHAR(10),SUBSTITUTE(A77,CHAR(13),"")&CHAR(10))-1)))))-LEN(SUBSTITUTE(LEFT((" "&LEFT(SUBSTITUTE(A77,CHAR(13),""),FIND(CHAR(10),SUBSTITUTE(A77,CHAR(13),"")&CHAR(10))-1)),FIND(".",(" "&LEFT(SUBSTITUTE(A77,CHAR(13),""),FIND(CHAR(10),SUBSTITUTE(A77,CHAR(13),"")&CHAR(10))-1))))," ",""))))+1),FIND(" ",(" "&LEFT(SUBSTITUTE(A77,CHAR(13),""),FIND(CHAR(10),SUBSTITUTE(A77,CHAR(13),"")&CHAR(10))-1))&" ",FIND(".",(" "&LEFT(SUBSTITUTE(A77,CHAR(13),""),FIND(CHAR(10),SUBSTITUTE(A77,CHAR(13),"")&CHAR(10))-1))))-(FIND("~",SUBSTITUTE(LEFT((" "&LEFT(SUBSTITUTE(A77,CHAR(13),""),FIND(CHAR(10),SUBSTITUTE(A77,CHAR(13),"")&CHAR(10))-1)),FIND(".",(" "&LEFT(SUBSTITUTE(A77,CHAR(13),""),FIND(CHAR(10),SUBSTITUTE(A77,CHAR(13),"")&CHAR(10))-1))))," ","~",LEN(LEFT((" "&LEFT(SUBSTITUTE(A77,CHAR(13),""),FIND(CHAR(10),SUBSTITUTE(A77,CHAR(13),"")&CHAR(10))-1)),FIND(".",(" "&LEFT(SUBSTITUTE(A77,CHAR(13),""),FIND(CHAR(10),SUBSTITUTE(A77,CHAR(13),"")&CHAR(10))-1)))))-LEN(SUBSTITUTE(LEFT((" "&LEFT(SUBSTITUTE(A77,CHAR(13),""),FIND(CHAR(10),SUBSTITUTE(A77,CHAR(13),"")&CHAR(10))-1)),FIND(".",(" "&LEFT(SUBSTITUTE(A77,CHAR(13),""),FIND(CHAR(10),SUBSTITUTE(A77,CHAR(13),"")&CHAR(10))-1))))," ",""))))+1)),""))
A78: =IFERROR(INDEX(Pegar!$A$3:$A$1002,MATCH(74,Pegar!$B$3:$B$1002,0))&IF(LEFT(INDEX(Pegar!$A$3:$A$1003,MATCH(74,Pegar!$B$3:$B$1002,0)+1),5)="DESC=",CHAR(10)&INDEX(Pegar!$A$3:$A$1003,MATCH(74,Pegar!$B$3:$B$1002,0)+1),""),"") | B78: =IF(TRIM(A78)="","",IFERROR(MID(SUBSTITUTE(SUBSTITUTE(A78,CHAR(10)," "),CHAR(13)," "),FIND(" MT"," "&SUBSTITUTE(SUBSTITUTE(A78,CHAR(10)," "),CHAR(13)," ")),FIND(" ",SUBSTITUTE(SUBSTITUTE(A78,CHAR(10)," "),CHAR(13)," ")&" ",FIND(" MT"," "&SUBSTITUTE(SUBSTITUTE(A78,CHAR(10)," "),CHAR(13)," ")))-FIND(" MT"," "&SUBSTITUTE(SUBSTITUTE(A78,CHAR(10)," "),CHAR(13)," "))),"MT no encontrado")) | C78: =IF(TRIM(A78)="","",IF(D78="",FALSE(),SUBSTITUTE(SUBSTITUTE(SUBSTITUTE(D78,".",""),"0",""),"-","")<>"")) | D78: =IF(TRIM(A78)="","",IFERROR(MID((" "&LEFT(SUBSTITUTE(A78,CHAR(13),""),FIND(CHAR(10),SUBSTITUTE(A78,CHAR(13),"")&CHAR(10))-1)),(FIND("~",SUBSTITUTE(LEFT((" "&LEFT(SUBSTITUTE(A78,CHAR(13),""),FIND(CHAR(10),SUBSTITUTE(A78,CHAR(13),"")&CHAR(10))-1)),FIND(".",(" "&LEFT(SUBSTITUTE(A78,CHAR(13),""),FIND(CHAR(10),SUBSTITUTE(A78,CHAR(13),"")&CHAR(10))-1))))," ","~",LEN(LEFT((" "&LEFT(SUBSTITUTE(A78,CHAR(13),""),FIND(CHAR(10),SUBSTITUTE(A78,CHAR(13),"")&CHAR(10))-1)),FIND(".",(" "&LEFT(SUBSTITUTE(A78,CHAR(13),""),FIND(CHAR(10),SUBSTITUTE(A78,CHAR(13),"")&CHAR(10))-1)))))-LEN(SUBSTITUTE(LEFT((" "&LEFT(SUBSTITUTE(A78,CHAR(13),""),FIND(CHAR(10),SUBSTITUTE(A78,CHAR(13),"")&CHAR(10))-1)),FIND(".",(" "&LEFT(SUBSTITUTE(A78,CHAR(13),""),FIND(CHAR(10),SUBSTITUTE(A78,CHAR(13),"")&CHAR(10))-1))))," ",""))))+1),FIND(" ",(" "&LEFT(SUBSTITUTE(A78,CHAR(13),""),FIND(CHAR(10),SUBSTITUTE(A78,CHAR(13),"")&CHAR(10))-1))&" ",FIND(".",(" "&LEFT(SUBSTITUTE(A78,CHAR(13),""),FIND(CHAR(10),SUBSTITUTE(A78,CHAR(13),"")&CHAR(10))-1))))-(FIND("~",SUBSTITUTE(LEFT((" "&LEFT(SUBSTITUTE(A78,CHAR(13),""),FIND(CHAR(10),SUBSTITUTE(A78,CHAR(13),"")&CHAR(10))-1)),FIND(".",(" "&LEFT(SUBSTITUTE(A78,CHAR(13),""),FIND(CHAR(10),SUBSTITUTE(A78,CHAR(13),"")&CHAR(10))-1))))," ","~",LEN(LEFT((" "&LEFT(SUBSTITUTE(A78,CHAR(13),""),FIND(CHAR(10),SUBSTITUTE(A78,CHAR(13),"")&CHAR(10))-1)),FIND(".",(" "&LEFT(SUBSTITUTE(A78,CHAR(13),""),FIND(CHAR(10),SUBSTITUTE(A78,CHAR(13),"")&CHAR(10))-1)))))-LEN(SUBSTITUTE(LEFT((" "&LEFT(SUBSTITUTE(A78,CHAR(13),""),FIND(CHAR(10),SUBSTITUTE(A78,CHAR(13),"")&CHAR(10))-1)),FIND(".",(" "&LEFT(SUBSTITUTE(A78,CHAR(13),""),FIND(CHAR(10),SUBSTITUTE(A78,CHAR(13),"")&CHAR(10))-1))))," ",""))))+1)),""))
A79: =IFERROR(INDEX(Pegar!$A$3:$A$1002,MATCH(75,Pegar!$B$3:$B$1002,0))&IF(LEFT(INDEX(Pegar!$A$3:$A$1003,MATCH(75,Pegar!$B$3:$B$1002,0)+1),5)="DESC=",CHAR(10)&INDEX(Pegar!$A$3:$A$1003,MATCH(75,Pegar!$B$3:$B$1002,0)+1),""),"") | B79: =IF(TRIM(A79)="","",IFERROR(MID(SUBSTITUTE(SUBSTITUTE(A79,CHAR(10)," "),CHAR(13)," "),FIND(" MT"," "&SUBSTITUTE(SUBSTITUTE(A79,CHAR(10)," "),CHAR(13)," ")),FIND(" ",SUBSTITUTE(SUBSTITUTE(A79,CHAR(10)," "),CHAR(13)," ")&" ",FIND(" MT"," "&SUBSTITUTE(SUBSTITUTE(A79,CHAR(10)," "),CHAR(13)," ")))-FIND(" MT"," "&SUBSTITUTE(SUBSTITUTE(A79,CHAR(10)," "),CHAR(13)," "))),"MT no encontrado")) | C79: =IF(TRIM(A79)="","",IF(D79="",FALSE(),SUBSTITUTE(SUBSTITUTE(SUBSTITUTE(D79,".",""),"0",""),"-","")<>"")) | D79: =IF(TRIM(A79)="","",IFERROR(MID((" "&LEFT(SUBSTITUTE(A79,CHAR(13),""),FIND(CHAR(10),SUBSTITUTE(A79,CHAR(13),"")&CHAR(10))-1)),(FIND("~",SUBSTITUTE(LEFT((" "&LEFT(SUBSTITUTE(A79,CHAR(13),""),FIND(CHAR(10),SUBSTITUTE(A79,CHAR(13),"")&CHAR(10))-1)),FIND(".",(" "&LEFT(SUBSTITUTE(A79,CHAR(13),""),FIND(CHAR(10),SUBSTITUTE(A79,CHAR(13),"")&CHAR(10))-1))))," ","~",LEN(LEFT((" "&LEFT(SUBSTITUTE(A79,CHAR(13),""),FIND(CHAR(10),SUBSTITUTE(A79,CHAR(13),"")&CHAR(10))-1)),FIND(".",(" "&LEFT(SUBSTITUTE(A79,CHAR(13),""),FIND(CHAR(10),SUBSTITUTE(A79,CHAR(13),"")&CHAR(10))-1)))))-LEN(SUBSTITUTE(LEFT((" "&LEFT(SUBSTITUTE(A79,CHAR(13),""),FIND(CHAR(10),SUBSTITUTE(A79,CHAR(13),"")&CHAR(10))-1)),FIND(".",(" "&LEFT(SUBSTITUTE(A79,CHAR(13),""),FIND(CHAR(10),SUBSTITUTE(A79,CHAR(13),"")&CHAR(10))-1))))," ",""))))+1),FIND(" ",(" "&LEFT(SUBSTITUTE(A79,CHAR(13),""),FIND(CHAR(10),SUBSTITUTE(A79,CHAR(13),"")&CHAR(10))-1))&" ",FIND(".",(" "&LEFT(SUBSTITUTE(A79,CHAR(13),""),FIND(CHAR(10),SUBSTITUTE(A79,CHAR(13),"")&CHAR(10))-1))))-(FIND("~",SUBSTITUTE(LEFT((" "&LEFT(SUBSTITUTE(A79,CHAR(13),""),FIND(CHAR(10),SUBSTITUTE(A79,CHAR(13),"")&CHAR(10))-1)),FIND(".",(" "&LEFT(SUBSTITUTE(A79,CHAR(13),""),FIND(CHAR(10),SUBSTITUTE(A79,CHAR(13),"")&CHAR(10))-1))))," ","~",LEN(LEFT((" "&LEFT(SUBSTITUTE(A79,CHAR(13),""),FIND(CHAR(10),SUBSTITUTE(A79,CHAR(13),"")&CHAR(10))-1)),FIND(".",(" "&LEFT(SUBSTITUTE(A79,CHAR(13),""),FIND(CHAR(10),SUBSTITUTE(A79,CHAR(13),"")&CHAR(10))-1)))))-LEN(SUBSTITUTE(LEFT((" "&LEFT(SUBSTITUTE(A79,CHAR(13),""),FIND(CHAR(10),SUBSTITUTE(A79,CHAR(13),"")&CHAR(10))-1)),FIND(".",(" "&LEFT(SUBSTITUTE(A79,CHAR(13),""),FIND(CHAR(10),SUBSTITUTE(A79,CHAR(13),"")&CHAR(10))-1))))," ",""))))+1)),""))
A80: =IFERROR(INDEX(Pegar!$A$3:$A$1002,MATCH(76,Pegar!$B$3:$B$1002,0))&IF(LEFT(INDEX(Pegar!$A$3:$A$1003,MATCH(76,Pegar!$B$3:$B$1002,0)+1),5)="DESC=",CHAR(10)&INDEX(Pegar!$A$3:$A$1003,MATCH(76,Pegar!$B$3:$B$1002,0)+1),""),"") | B80: =IF(TRIM(A80)="","",IFERROR(MID(SUBSTITUTE(SUBSTITUTE(A80,CHAR(10)," "),CHAR(13)," "),FIND(" MT"," "&SUBSTITUTE(SUBSTITUTE(A80,CHAR(10)," "),CHAR(13)," ")),FIND(" ",SUBSTITUTE(SUBSTITUTE(A80,CHAR(10)," "),CHAR(13)," ")&" ",FIND(" MT"," "&SUBSTITUTE(SUBSTITUTE(A80,CHAR(10)," "),CHAR(13)," ")))-FIND(" MT"," "&SUBSTITUTE(SUBSTITUTE(A80,CHAR(10)," "),CHAR(13)," "))),"MT no encontrado")) | C80: =IF(TRIM(A80)="","",IF(D80="",FALSE(),SUBSTITUTE(SUBSTITUTE(SUBSTITUTE(D80,".",""),"0",""),"-","")<>"")) | D80: =IF(TRIM(A80)="","",IFERROR(MID((" "&LEFT(SUBSTITUTE(A80,CHAR(13),""),FIND(CHAR(10),SUBSTITUTE(A80,CHAR(13),"")&CHAR(10))-1)),(FIND("~",SUBSTITUTE(LEFT((" "&LEFT(SUBSTITUTE(A80,CHAR(13),""),FIND(CHAR(10),SUBSTITUTE(A80,CHAR(13),"")&CHAR(10))-1)),FIND(".",(" "&LEFT(SUBSTITUTE(A80,CHAR(13),""),FIND(CHAR(10),SUBSTITUTE(A80,CHAR(13),"")&CHAR(10))-1))))," ","~",LEN(LEFT((" "&LEFT(SUBSTITUTE(A80,CHAR(13),""),FIND(CHAR(10),SUBSTITUTE(A80,CHAR(13),"")&CHAR(10))-1)),FIND(".",(" "&LEFT(SUBSTITUTE(A80,CHAR(13),""),FIND(CHAR(10),SUBSTITUTE(A80,CHAR(13),"")&CHAR(10))-1)))))-LEN(SUBSTITUTE(LEFT((" "&LEFT(SUBSTITUTE(A80,CHAR(13),""),FIND(CHAR(10),SUBSTITUTE(A80,CHAR(13),"")&CHAR(10))-1)),FIND(".",(" "&LEFT(SUBSTITUTE(A80,CHAR(13),""),FIND(CHAR(10),SUBSTITUTE(A80,CHAR(13),"")&CHAR(10))-1))))," ",""))))+1),FIND(" ",(" "&LEFT(SUBSTITUTE(A80,CHAR(13),""),FIND(CHAR(10),SUBSTITUTE(A80,CHAR(13),"")&CHAR(10))-1))&" ",FIND(".",(" "&LEFT(SUBSTITUTE(A80,CHAR(13),""),FIND(CHAR(10),SUBSTITUTE(A80,CHAR(13),"")&CHAR(10))-1))))-(FIND("~",SUBSTITUTE(LEFT((" "&LEFT(SUBSTITUTE(A80,CHAR(13),""),FIND(CHAR(10),SUBSTITUTE(A80,CHAR(13),"")&CHAR(10))-1)),FIND(".",(" "&LEFT(SUBSTITUTE(A80,CHAR(13),""),FIND(CHAR(10),SUBSTITUTE(A80,CHAR(13),"")&CHAR(10))-1))))," ","~",LEN(LEFT((" "&LEFT(SUBSTITUTE(A80,CHAR(13),""),FIND(CHAR(10),SUBSTITUTE(A80,CHAR(13),"")&CHAR(10))-1)),FIND(".",(" "&LEFT(SUBSTITUTE(A80,CHAR(13),""),FIND(CHAR(10),SUBSTITUTE(A80,CHAR(13),"")&CHAR(10))-1)))))-LEN(SUBSTITUTE(LEFT((" "&LEFT(SUBSTITUTE(A80,CHAR(13),""),FIND(CHAR(10),SUBSTITUTE(A80,CHAR(13),"")&CHAR(10))-1)),FIND(".",(" "&LEFT(SUBSTITUTE(A80,CHAR(13),""),FIND(CHAR(10),SUBSTITUTE(A80,CHAR(13),"")&CHAR(10))-1))))," ",""))))+1)),""))
A81: =IFERROR(INDEX(Pegar!$A$3:$A$1002,MATCH(77,Pegar!$B$3:$B$1002,0))&IF(LEFT(INDEX(Pegar!$A$3:$A$1003,MATCH(77,Pegar!$B$3:$B$1002,0)+1),5)="DESC=",CHAR(10)&INDEX(Pegar!$A$3:$A$1003,MATCH(77,Pegar!$B$3:$B$1002,0)+1),""),"") | B81: =IF(TRIM(A81)="","",IFERROR(MID(SUBSTITUTE(SUBSTITUTE(A81,CHAR(10)," "),CHAR(13)," "),FIND(" MT"," "&SUBSTITUTE(SUBSTITUTE(A81,CHAR(10)," "),CHAR(13)," ")),FIND(" ",SUBSTITUTE(SUBSTITUTE(A81,CHAR(10)," "),CHAR(13)," ")&" ",FIND(" MT"," "&SUBSTITUTE(SUBSTITUTE(A81,CHAR(10)," "),CHAR(13)," ")))-FIND(" MT"," "&SUBSTITUTE(SUBSTITUTE(A81,CHAR(10)," "),CHAR(13)," "))),"MT no encontrado")) | C81: =IF(TRIM(A81)="","",IF(D81="",FALSE(),SUBSTITUTE(SUBSTITUTE(SUBSTITUTE(D81,".",""),"0",""),"-","")<>"")) | D81: =IF(TRIM(A81)="","",IFERROR(MID((" "&LEFT(SUBSTITUTE(A81,CHAR(13),""),FIND(CHAR(10),SUBSTITUTE(A81,CHAR(13),"")&CHAR(10))-1)),(FIND("~",SUBSTITUTE(LEFT((" "&LEFT(SUBSTITUTE(A81,CHAR(13),""),FIND(CHAR(10),SUBSTITUTE(A81,CHAR(13),"")&CHAR(10))-1)),FIND(".",(" "&LEFT(SUBSTITUTE(A81,CHAR(13),""),FIND(CHAR(10),SUBSTITUTE(A81,CHAR(13),"")&CHAR(10))-1))))," ","~",LEN(LEFT((" "&LEFT(SUBSTITUTE(A81,CHAR(13),""),FIND(CHAR(10),SUBSTITUTE(A81,CHAR(13),"")&CHAR(10))-1)),FIND(".",(" "&LEFT(SUBSTITUTE(A81,CHAR(13),""),FIND(CHAR(10),SUBSTITUTE(A81,CHAR(13),"")&CHAR(10))-1)))))-LEN(SUBSTITUTE(LEFT((" "&LEFT(SUBSTITUTE(A81,CHAR(13),""),FIND(CHAR(10),SUBSTITUTE(A81,CHAR(13),"")&CHAR(10))-1)),FIND(".",(" "&LEFT(SUBSTITUTE(A81,CHAR(13),""),FIND(CHAR(10),SUBSTITUTE(A81,CHAR(13),"")&CHAR(10))-1))))," ",""))))+1),FIND(" ",(" "&LEFT(SUBSTITUTE(A81,CHAR(13),""),FIND(CHAR(10),SUBSTITUTE(A81,CHAR(13),"")&CHAR(10))-1))&" ",FIND(".",(" "&LEFT(SUBSTITUTE(A81,CHAR(13),""),FIND(CHAR(10),SUBSTITUTE(A81,CHAR(13),"")&CHAR(10))-1))))-(FIND("~",SUBSTITUTE(LEFT((" "&LEFT(SUBSTITUTE(A81,CHAR(13),""),FIND(CHAR(10),SUBSTITUTE(A81,CHAR(13),"")&CHAR(10))-1)),FIND(".",(" "&LEFT(SUBSTITUTE(A81,CHAR(13),""),FIND(CHAR(10),SUBSTITUTE(A81,CHAR(13),"")&CHAR(10))-1))))," ","~",LEN(LEFT((" "&LEFT(SUBSTITUTE(A81,CHAR(13),""),FIND(CHAR(10),SUBSTITUTE(A81,CHAR(13),"")&CHAR(10))-1)),FIND(".",(" "&LEFT(SUBSTITUTE(A81,CHAR(13),""),FIND(CHAR(10),SUBSTITUTE(A81,CHAR(13),"")&CHAR(10))-1)))))-LEN(SUBSTITUTE(LEFT((" "&LEFT(SUBSTITUTE(A81,CHAR(13),""),FIND(CHAR(10),SUBSTITUTE(A81,CHAR(13),"")&CHAR(10))-1)),FIND(".",(" "&LEFT(SUBSTITUTE(A81,CHAR(13),""),FIND(CHAR(10),SUBSTITUTE(A81,CHAR(13),"")&CHAR(10))-1))))," ",""))))+1)),""))
A82: =IFERROR(INDEX(Pegar!$A$3:$A$1002,MATCH(78,Pegar!$B$3:$B$1002,0))&IF(LEFT(INDEX(Pegar!$A$3:$A$1003,MATCH(78,Pegar!$B$3:$B$1002,0)+1),5)="DESC=",CHAR(10)&INDEX(Pegar!$A$3:$A$1003,MATCH(78,Pegar!$B$3:$B$1002,0)+1),""),"") | B82: =IF(TRIM(A82)="","",IFERROR(MID(SUBSTITUTE(SUBSTITUTE(A82,CHAR(10)," "),CHAR(13)," "),FIND(" MT"," "&SUBSTITUTE(SUBSTITUTE(A82,CHAR(10)," "),CHAR(13)," ")),FIND(" ",SUBSTITUTE(SUBSTITUTE(A82,CHAR(10)," "),CHAR(13)," ")&" ",FIND(" MT"," "&SUBSTITUTE(SUBSTITUTE(A82,CHAR(10)," "),CHAR(13)," ")))-FIND(" MT"," "&SUBSTITUTE(SUBSTITUTE(A82,CHAR(10)," "),CHAR(13)," "))),"MT no encontrado")) | C82: =IF(TRIM(A82)="","",IF(D82="",FALSE(),SUBSTITUTE(SUBSTITUTE(SUBSTITUTE(D82,".",""),"0",""),"-","")<>"")) | D82: =IF(TRIM(A82)="","",IFERROR(MID((" "&LEFT(SUBSTITUTE(A82,CHAR(13),""),FIND(CHAR(10),SUBSTITUTE(A82,CHAR(13),"")&CHAR(10))-1)),(FIND("~",SUBSTITUTE(LEFT((" "&LEFT(SUBSTITUTE(A82,CHAR(13),""),FIND(CHAR(10),SUBSTITUTE(A82,CHAR(13),"")&CHAR(10))-1)),FIND(".",(" "&LEFT(SUBSTITUTE(A82,CHAR(13),""),FIND(CHAR(10),SUBSTITUTE(A82,CHAR(13),"")&CHAR(10))-1))))," ","~",LEN(LEFT((" "&LEFT(SUBSTITUTE(A82,CHAR(13),""),FIND(CHAR(10),SUBSTITUTE(A82,CHAR(13),"")&CHAR(10))-1)),FIND(".",(" "&LEFT(SUBSTITUTE(A82,CHAR(13),""),FIND(CHAR(10),SUBSTITUTE(A82,CHAR(13),"")&CHAR(10))-1)))))-LEN(SUBSTITUTE(LEFT((" "&LEFT(SUBSTITUTE(A82,CHAR(13),""),FIND(CHAR(10),SUBSTITUTE(A82,CHAR(13),"")&CHAR(10))-1)),FIND(".",(" "&LEFT(SUBSTITUTE(A82,CHAR(13),""),FIND(CHAR(10),SUBSTITUTE(A82,CHAR(13),"")&CHAR(10))-1))))," ",""))))+1),FIND(" ",(" "&LEFT(SUBSTITUTE(A82,CHAR(13),""),FIND(CHAR(10),SUBSTITUTE(A82,CHAR(13),"")&CHAR(10))-1))&" ",FIND(".",(" "&LEFT(SUBSTITUTE(A82,CHAR(13),""),FIND(CHAR(10),SUBSTITUTE(A82,CHAR(13),"")&CHAR(10))-1))))-(FIND("~",SUBSTITUTE(LEFT((" "&LEFT(SUBSTITUTE(A82,CHAR(13),""),FIND(CHAR(10),SUBSTITUTE(A82,CHAR(13),"")&CHAR(10))-1)),FIND(".",(" "&LEFT(SUBSTITUTE(A82,CHAR(13),""),FIND(CHAR(10),SUBSTITUTE(A82,CHAR(13),"")&CHAR(10))-1))))," ","~",LEN(LEFT((" "&LEFT(SUBSTITUTE(A82,CHAR(13),""),FIND(CHAR(10),SUBSTITUTE(A82,CHAR(13),"")&CHAR(10))-1)),FIND(".",(" "&LEFT(SUBSTITUTE(A82,CHAR(13),""),FIND(CHAR(10),SUBSTITUTE(A82,CHAR(13),"")&CHAR(10))-1)))))-LEN(SUBSTITUTE(LEFT((" "&LEFT(SUBSTITUTE(A82,CHAR(13),""),FIND(CHAR(10),SUBSTITUTE(A82,CHAR(13),"")&CHAR(10))-1)),FIND(".",(" "&LEFT(SUBSTITUTE(A82,CHAR(13),""),FIND(CHAR(10),SUBSTITUTE(A82,CHAR(13),"")&CHAR(10))-1))))," ",""))))+1)),""))
A83: =IFERROR(INDEX(Pegar!$A$3:$A$1002,MATCH(79,Pegar!$B$3:$B$1002,0))&IF(LEFT(INDEX(Pegar!$A$3:$A$1003,MATCH(79,Pegar!$B$3:$B$1002,0)+1),5)="DESC=",CHAR(10)&INDEX(Pegar!$A$3:$A$1003,MATCH(79,Pegar!$B$3:$B$1002,0)+1),""),"") | B83: =IF(TRIM(A83)="","",IFERROR(MID(SUBSTITUTE(SUBSTITUTE(A83,CHAR(10)," "),CHAR(13)," "),FIND(" MT"," "&SUBSTITUTE(SUBSTITUTE(A83,CHAR(10)," "),CHAR(13)," ")),FIND(" ",SUBSTITUTE(SUBSTITUTE(A83,CHAR(10)," "),CHAR(13)," ")&" ",FIND(" MT"," "&SUBSTITUTE(SUBSTITUTE(A83,CHAR(10)," "),CHAR(13)," ")))-FIND(" MT"," "&SUBSTITUTE(SUBSTITUTE(A83,CHAR(10)," "),CHAR(13)," "))),"MT no encontrado")) | C83: =IF(TRIM(A83)="","",IF(D83="",FALSE(),SUBSTITUTE(SUBSTITUTE(SUBSTITUTE(D83,".",""),"0",""),"-","")<>"")) | D83: =IF(TRIM(A83)="","",IFERROR(MID((" "&LEFT(SUBSTITUTE(A83,CHAR(13),""),FIND(CHAR(10),SUBSTITUTE(A83,CHAR(13),"")&CHAR(10))-1)),(FIND("~",SUBSTITUTE(LEFT((" "&LEFT(SUBSTITUTE(A83,CHAR(13),""),FIND(CHAR(10),SUBSTITUTE(A83,CHAR(13),"")&CHAR(10))-1)),FIND(".",(" "&LEFT(SUBSTITUTE(A83,CHAR(13),""),FIND(CHAR(10),SUBSTITUTE(A83,CHAR(13),"")&CHAR(10))-1))))," ","~",LEN(LEFT((" "&LEFT(SUBSTITUTE(A83,CHAR(13),""),FIND(CHAR(10),SUBSTITUTE(A83,CHAR(13),"")&CHAR(10))-1)),FIND(".",(" "&LEFT(SUBSTITUTE(A83,CHAR(13),""),FIND(CHAR(10),SUBSTITUTE(A83,CHAR(13),"")&CHAR(10))-1)))))-LEN(SUBSTITUTE(LEFT((" "&LEFT(SUBSTITUTE(A83,CHAR(13),""),FIND(CHAR(10),SUBSTITUTE(A83,CHAR(13),"")&CHAR(10))-1)),FIND(".",(" "&LEFT(SUBSTITUTE(A83,CHAR(13),""),FIND(CHAR(10),SUBSTITUTE(A83,CHAR(13),"")&CHAR(10))-1))))," ",""))))+1),FIND(" ",(" "&LEFT(SUBSTITUTE(A83,CHAR(13),""),FIND(CHAR(10),SUBSTITUTE(A83,CHAR(13),"")&CHAR(10))-1))&" ",FIND(".",(" "&LEFT(SUBSTITUTE(A83,CHAR(13),""),FIND(CHAR(10),SUBSTITUTE(A83,CHAR(13),"")&CHAR(10))-1))))-(FIND("~",SUBSTITUTE(LEFT((" "&LEFT(SUBSTITUTE(A83,CHAR(13),""),FIND(CHAR(10),SUBSTITUTE(A83,CHAR(13),"")&CHAR(10))-1)),FIND(".",(" "&LEFT(SUBSTITUTE(A83,CHAR(13),""),FIND(CHAR(10),SUBSTITUTE(A83,CHAR(13),"")&CHAR(10))-1))))," ","~",LEN(LEFT((" "&LEFT(SUBSTITUTE(A83,CHAR(13),""),FIND(CHAR(10),SUBSTITUTE(A83,CHAR(13),"")&CHAR(10))-1)),FIND(".",(" "&LEFT(SUBSTITUTE(A83,CHAR(13),""),FIND(CHAR(10),SUBSTITUTE(A83,CHAR(13),"")&CHAR(10))-1)))))-LEN(SUBSTITUTE(LEFT((" "&LEFT(SUBSTITUTE(A83,CHAR(13),""),FIND(CHAR(10),SUBSTITUTE(A83,CHAR(13),"")&CHAR(10))-1)),FIND(".",(" "&LEFT(SUBSTITUTE(A83,CHAR(13),""),FIND(CHAR(10),SUBSTITUTE(A83,CHAR(13),"")&CHAR(10))-1))))," ",""))))+1)),""))
A84: =IFERROR(INDEX(Pegar!$A$3:$A$1002,MATCH(80,Pegar!$B$3:$B$1002,0))&IF(LEFT(INDEX(Pegar!$A$3:$A$1003,MATCH(80,Pegar!$B$3:$B$1002,0)+1),5)="DESC=",CHAR(10)&INDEX(Pegar!$A$3:$A$1003,MATCH(80,Pegar!$B$3:$B$1002,0)+1),""),"") | B84: =IF(TRIM(A84)="","",IFERROR(MID(SUBSTITUTE(SUBSTITUTE(A84,CHAR(10)," "),CHAR(13)," "),FIND(" MT"," "&SUBSTITUTE(SUBSTITUTE(A84,CHAR(10)," "),CHAR(13)," ")),FIND(" ",SUBSTITUTE(SUBSTITUTE(A84,CHAR(10)," "),CHAR(13)," ")&" ",FIND(" MT"," "&SUBSTITUTE(SUBSTITUTE(A84,CHAR(10)," "),CHAR(13)," ")))-FIND(" MT"," "&SUBSTITUTE(SUBSTITUTE(A84,CHAR(10)," "),CHAR(13)," "))),"MT no encontrado")) | C84: =IF(TRIM(A84)="","",IF(D84="",FALSE(),SUBSTITUTE(SUBSTITUTE(SUBSTITUTE(D84,".",""),"0",""),"-","")<>"")) | D84: =IF(TRIM(A84)="","",IFERROR(MID((" "&LEFT(SUBSTITUTE(A84,CHAR(13),""),FIND(CHAR(10),SUBSTITUTE(A84,CHAR(13),"")&CHAR(10))-1)),(FIND("~",SUBSTITUTE(LEFT((" "&LEFT(SUBSTITUTE(A84,CHAR(13),""),FIND(CHAR(10),SUBSTITUTE(A84,CHAR(13),"")&CHAR(10))-1)),FIND(".",(" "&LEFT(SUBSTITUTE(A84,CHAR(13),""),FIND(CHAR(10),SUBSTITUTE(A84,CHAR(13),"")&CHAR(10))-1))))," ","~",LEN(LEFT((" "&LEFT(SUBSTITUTE(A84,CHAR(13),""),FIND(CHAR(10),SUBSTITUTE(A84,CHAR(13),"")&CHAR(10))-1)),FIND(".",(" "&LEFT(SUBSTITUTE(A84,CHAR(13),""),FIND(CHAR(10),SUBSTITUTE(A84,CHAR(13),"")&CHAR(10))-1)))))-LEN(SUBSTITUTE(LEFT((" "&LEFT(SUBSTITUTE(A84,CHAR(13),""),FIND(CHAR(10),SUBSTITUTE(A84,CHAR(13),"")&CHAR(10))-1)),FIND(".",(" "&LEFT(SUBSTITUTE(A84,CHAR(13),""),FIND(CHAR(10),SUBSTITUTE(A84,CHAR(13),"")&CHAR(10))-1))))," ",""))))+1),FIND(" ",(" "&LEFT(SUBSTITUTE(A84,CHAR(13),""),FIND(CHAR(10),SUBSTITUTE(A84,CHAR(13),"")&CHAR(10))-1))&" ",FIND(".",(" "&LEFT(SUBSTITUTE(A84,CHAR(13),""),FIND(CHAR(10),SUBSTITUTE(A84,CHAR(13),"")&CHAR(10))-1))))-(FIND("~",SUBSTITUTE(LEFT((" "&LEFT(SUBSTITUTE(A84,CHAR(13),""),FIND(CHAR(10),SUBSTITUTE(A84,CHAR(13),"")&CHAR(10))-1)),FIND(".",(" "&LEFT(SUBSTITUTE(A84,CHAR(13),""),FIND(CHAR(10),SUBSTITUTE(A84,CHAR(13),"")&CHAR(10))-1))))," ","~",LEN(LEFT((" "&LEFT(SUBSTITUTE(A84,CHAR(13),""),FIND(CHAR(10),SUBSTITUTE(A84,CHAR(13),"")&CHAR(10))-1)),FIND(".",(" "&LEFT(SUBSTITUTE(A84,CHAR(13),""),FIND(CHAR(10),SUBSTITUTE(A84,CHAR(13),"")&CHAR(10))-1)))))-LEN(SUBSTITUTE(LEFT((" "&LEFT(SUBSTITUTE(A84,CHAR(13),""),FIND(CHAR(10),SUBSTITUTE(A84,CHAR(13),"")&CHAR(10))-1)),FIND(".",(" "&LEFT(SUBSTITUTE(A84,CHAR(13),""),FIND(CHAR(10),SUBSTITUTE(A84,CHAR(13),"")&CHAR(10))-1))))," ",""))))+1)),""))
